Country,Category,DateTime,Value,Frequency,HistoricalDataSymbol,LastUpdate
Portugal,Tourist Arrivals,1964-01-31T00:00:00,90000,Monthly,PORTUGALTOUARR,2015-08-21T14:52:00
Portugal,Tourist Arrivals,1964-02-29T00:00:00,105000,Monthly,PORTUGALTOUARR,2015-08-21T14:52:00
Portugal,Tourist Arrivals,1964-03-31T00:00:00,154000,Monthly,PORTUGALTOUARR,2015-08-21T14:52:00
Portugal,Tourist Arrivals,1964-04-30T00:00:00,166000,Monthly,PORTUGALTOUARR,2015-08-21T14:52:00
Portugal,Tourist Arrivals,1964-05-31T00:00:00,295000,Monthly,PORTUGALTOUARR,2015-08-21T14:52:00
Portugal,Tourist Arrivals,1964-06-30T00:00:00,239000,Monthly,PORTUGALTOUARR,2015-08-21T14:52:00
Portugal,Tourist Arrivals,1964-07-31T00:00:00,335000,Monthly,PORTUGALTOUARR,2015-08-21T14:52:00
Portugal,Tourist Arrivals,1964-08-31T00:00:00,446000,Monthly,PORTUGALTOUARR,2015-08-21T14:52:00
Portugal,Tourist Arrivals,1964-09-30T00:00:00,300000,Monthly,PORTUGALTOUARR,2015-08-21T14:52:00
Portugal,Tourist Arrivals,1964-10-31T00:00:00,200000,Monthly,PORTUGALTOUARR,2015-08-21T14:52:00
Portugal,Tourist Arrivals,1964-11-30T00:00:00,102000,Monthly,PORTUGALTOUARR,2015-08-21T14:52:00
Portugal,Tourist Arrivals,1964-12-31T00:00:00,88000,Monthly,PORTUGALTOUARR,2015-08-21T14:52:00
Portugal,Tourist Arrivals,1965-01-31T00:00:00,104000,Monthly,PORTUGALTOUARR,2015-08-21T14:52:00
Portugal,Tourist Arrivals,1965-02-28T00:00:00,121000,Monthly,PORTUGALTOUARR,2015-08-21T14:52:00
Portugal,Tourist Arrivals,1965-03-31T00:00:00,162000,Monthly,PORTUGALTOUARR,2015-08-21T14:52:00
Portugal,Tourist Arrivals,1965-04-30T00:00:00,240000,Monthly,PORTUGALTOUARR,2015-08-21T14:52:00
Portugal,Tourist Arrivals,1965-05-31T00:00:00,278000,Monthly,PORTUGALTOUARR,2015-08-21T14:52:00
Portugal,Tourist Arrivals,1965-06-30T00:00:00,300000,Monthly,PORTUGALTOUARR,2015-08-21T14:52:00
Portugal,Tourist Arrivals,1965-07-31T00:00:00,405000,Monthly,PORTUGALTOUARR,2015-08-21T14:52:00
Portugal,Tourist Arrivals,1965-08-31T00:00:00,512000,Monthly,PORTUGALTOUARR,2015-08-21T14:52:00
Portugal,Tourist Arrivals,1965-09-30T00:00:00,370000,Monthly,PORTUGALTOUARR,2015-08-21T14:52:00
Portugal,Tourist Arrivals,1965-10-31T00:00:00,238000,Monthly,PORTUGALTOUARR,2015-08-21T14:52:00
Portugal,Tourist Arrivals,1965-11-30T00:00:00,116000,Monthly,PORTUGALTOUARR,2015-08-21T14:52:00
Portugal,Tourist Arrivals,1965-12-31T00:00:00,99000,Monthly,PORTUGALTOUARR,2015-08-21T14:52:00
Portugal,Tourist Arrivals,1966-01-31T00:00:00,115000,Monthly,PORTUGALTOUARR,2015-08-21T14:52:00
Portugal,Tourist Arrivals,1966-02-28T00:00:00,127000,Monthly,PORTUGALTOUARR,2015-08-21T14:52:00
Portugal,Tourist Arrivals,1966-03-31T00:00:00,176000,Monthly,PORTUGALTOUARR,2015-08-21T14:52:00
Portugal,Tourist Arrivals,1966-04-30T00:00:00,272000,Monthly,PORTUGALTOUARR,2015-08-21T14:52:00
Portugal,Tourist Arrivals,1966-05-31T00:00:00,303000,Monthly,PORTUGALTOUARR,2015-08-21T14:52:00
Portugal,Tourist Arrivals,1966-06-30T00:00:00,338000,Monthly,PORTUGALTOUARR,2015-08-21T14:52:00
Portugal,Tourist Arrivals,1966-07-31T00:00:00,484000,Monthly,PORTUGALTOUARR,2015-08-21T14:52:00
Portugal,Tourist Arrivals,1966-08-31T00:00:00,567000,Monthly,PORTUGALTOUARR,2015-08-21T14:52:00
Portugal,Tourist Arrivals,1966-09-30T00:00:00,423000,Monthly,PORTUGALTOUARR,2015-08-21T14:52:00
Portugal,Tourist Arrivals,1966-10-31T00:00:00,269000,Monthly,PORTUGALTOUARR,2015-08-21T14:52:00
Portugal,Tourist Arrivals,1966-11-30T00:00:00,126000,Monthly,PORTUGALTOUARR,2015-08-21T14:52:00
Portugal,Tourist Arrivals,1966-12-31T00:00:00,108000,Monthly,PORTUGALTOUARR,2015-08-21T14:52:00
Portugal,Tourist Arrivals,1967-01-31T00:00:00,108000,Monthly,PORTUGALTOUARR,2015-08-21T14:52:00
Portugal,Tourist Arrivals,1967-02-28T00:00:00,128000,Monthly,PORTUGALTOUARR,2015-08-21T14:52:00
Portugal,Tourist Arrivals,1967-03-31T00:00:00,224000,Monthly,PORTUGALTOUARR,2015-08-21T14:52:00
Portugal,Tourist Arrivals,1967-04-30T00:00:00,248000,Monthly,PORTUGALTOUARR,2015-08-21T14:52:00
Portugal,Tourist Arrivals,1967-05-31T00:00:00,375000,Monthly,PORTUGALTOUARR,2015-08-21T14:52:00
Portugal,Tourist Arrivals,1967-06-30T00:00:00,375000,Monthly,PORTUGALTOUARR,2015-08-21T14:52:00
Portugal,Tourist Arrivals,1967-07-31T00:00:00,527000,Monthly,PORTUGALTOUARR,2015-08-21T14:52:00
Portugal,Tourist Arrivals,1967-08-31T00:00:00,605000,Monthly,PORTUGALTOUARR,2015-08-21T14:52:00
Portugal,Tourist Arrivals,1967-09-30T00:00:00,457000,Monthly,PORTUGALTOUARR,2015-08-21T14:52:00
Portugal,Tourist Arrivals,1967-10-31T00:00:00,294000,Monthly,PORTUGALTOUARR,2015-08-21T14:52:00
Portugal,Tourist Arrivals,1967-11-30T00:00:00,143000,Monthly,PORTUGALTOUARR,2015-08-21T14:52:00
Portugal,Tourist Arrivals,1967-12-31T00:00:00,113000,Monthly,PORTUGALTOUARR,2015-08-21T14:52:00
Portugal,Tourist Arrivals,1968-01-31T00:00:00,132000,Monthly,PORTUGALTOUARR,2015-08-21T14:52:00
Portugal,Tourist Arrivals,1968-02-29T00:00:00,150000,Monthly,PORTUGALTOUARR,2015-08-21T14:52:00
Portugal,Tourist Arrivals,1968-03-31T00:00:00,198000,Monthly,PORTUGALTOUARR,2015-08-21T14:52:00
Portugal,Tourist Arrivals,1968-04-30T00:00:00,300000,Monthly,PORTUGALTOUARR,2015-08-21T14:52:00
Portugal,Tourist Arrivals,1968-05-31T00:00:00,298000,Monthly,PORTUGALTOUARR,2015-08-21T14:52:00
Portugal,Tourist Arrivals,1968-06-30T00:00:00,314000,Monthly,PORTUGALTOUARR,2015-08-21T14:52:00
Portugal,Tourist Arrivals,1968-07-31T00:00:00,448000,Monthly,PORTUGALTOUARR,2015-08-21T14:52:00
Portugal,Tourist Arrivals,1968-08-31T00:00:00,535000,Monthly,PORTUGALTOUARR,2015-08-21T14:52:00
Portugal,Tourist Arrivals,1968-09-30T00:00:00,406000,Monthly,PORTUGALTOUARR,2015-08-21T14:52:00
Portugal,Tourist Arrivals,1968-10-31T00:00:00,279000,Monthly,PORTUGALTOUARR,2015-08-21T14:52:00
Portugal,Tourist Arrivals,1968-11-30T00:00:00,148000,Monthly,PORTUGALTOUARR,2015-08-21T14:52:00
Portugal,Tourist Arrivals,1968-12-31T00:00:00,137000,Monthly,PORTUGALTOUARR,2015-08-21T14:52:00
Portugal,Tourist Arrivals,1969-01-31T00:00:00,150000,Monthly,PORTUGALTOUARR,2015-08-21T14:52:00
Portugal,Tourist Arrivals,1969-02-28T00:00:00,173000,Monthly,PORTUGALTOUARR,2015-08-21T14:52:00
Portugal,Tourist Arrivals,1969-03-31T00:00:00,235000,Monthly,PORTUGALTOUARR,2015-08-21T14:52:00
Portugal,Tourist Arrivals,1969-04-30T00:00:00,316000,Monthly,PORTUGALTOUARR,2015-08-21T14:52:00
Portugal,Tourist Arrivals,1969-05-31T00:00:00,354000,Monthly,PORTUGALTOUARR,2015-08-21T14:52:00
Portugal,Tourist Arrivals,1969-06-30T00:00:00,363000,Monthly,PORTUGALTOUARR,2015-08-21T14:52:00
Portugal,Tourist Arrivals,1969-07-31T00:00:00,528000,Monthly,PORTUGALTOUARR,2015-08-21T14:52:00
Portugal,Tourist Arrivals,1969-08-31T00:00:00,590000,Monthly,PORTUGALTOUARR,2015-08-21T14:52:00
Portugal,Tourist Arrivals,1969-09-30T00:00:00,444000,Monthly,PORTUGALTOUARR,2015-08-21T14:52:00
Portugal,Tourist Arrivals,1969-10-31T00:00:00,331000,Monthly,PORTUGALTOUARR,2015-08-21T14:52:00
Portugal,Tourist Arrivals,1969-11-30T00:00:00,184000,Monthly,PORTUGALTOUARR,2015-08-21T14:52:00
Portugal,Tourist Arrivals,1969-12-31T00:00:00,167000,Monthly,PORTUGALTOUARR,2015-08-21T14:52:00
Portugal,Tourist Arrivals,1970-01-31T00:00:00,184000,Monthly,PORTUGALTOUARR,2015-08-21T14:52:00
Portugal,Tourist Arrivals,1970-02-28T00:00:00,210000,Monthly,PORTUGALTOUARR,2015-08-21T14:52:00
Portugal,Tourist Arrivals,1970-03-31T00:00:00,352000,Monthly,PORTUGALTOUARR,2015-08-21T14:52:00
Portugal,Tourist Arrivals,1970-04-30T00:00:00,360000,Monthly,PORTUGALTOUARR,2015-08-21T14:52:00
Portugal,Tourist Arrivals,1970-05-31T00:00:00,443000,Monthly,PORTUGALTOUARR,2015-08-21T14:52:00
Portugal,Tourist Arrivals,1970-06-30T00:00:00,430000,Monthly,PORTUGALTOUARR,2015-08-21T14:52:00
Portugal,Tourist Arrivals,1970-07-31T00:00:00,617000,Monthly,PORTUGALTOUARR,2015-08-21T14:52:00
Portugal,Tourist Arrivals,1970-08-31T00:00:00,688000,Monthly,PORTUGALTOUARR,2015-08-21T14:52:00
Portugal,Tourist Arrivals,1970-09-30T00:00:00,539000,Monthly,PORTUGALTOUARR,2015-08-21T14:52:00
Portugal,Tourist Arrivals,1970-10-31T00:00:00,420000,Monthly,PORTUGALTOUARR,2015-08-21T14:52:00
Portugal,Tourist Arrivals,1970-11-30T00:00:00,240000,Monthly,PORTUGALTOUARR,2015-08-21T14:52:00
Portugal,Tourist Arrivals,1970-12-31T00:00:00,189000,Monthly,PORTUGALTOUARR,2015-08-21T14:52:00
Portugal,Tourist Arrivals,1971-01-31T00:00:00,197000,Monthly,PORTUGALTOUARR,2015-08-21T14:52:00
Portugal,Tourist Arrivals,1971-02-28T00:00:00,228000,Monthly,PORTUGALTOUARR,2015-08-21T14:52:00
Portugal,Tourist Arrivals,1971-03-31T00:00:00,331000,Monthly,PORTUGALTOUARR,2015-08-21T14:52:00
Portugal,Tourist Arrivals,1971-04-30T00:00:00,461000,Monthly,PORTUGALTOUARR,2015-08-21T14:52:00
Portugal,Tourist Arrivals,1971-05-31T00:00:00,491000,Monthly,PORTUGALTOUARR,2015-08-21T14:52:00
Portugal,Tourist Arrivals,1971-06-30T00:00:00,505000,Monthly,PORTUGALTOUARR,2015-08-21T14:52:00
Portugal,Tourist Arrivals,1971-07-31T00:00:00,658000,Monthly,PORTUGALTOUARR,2015-08-21T14:52:00
Portugal,Tourist Arrivals,1971-08-31T00:00:00,703000,Monthly,PORTUGALTOUARR,2015-08-21T14:52:00
Portugal,Tourist Arrivals,1971-09-30T00:00:00,585000,Monthly,PORTUGALTOUARR,2015-08-21T14:52:00
Portugal,Tourist Arrivals,1971-10-31T00:00:00,474000,Monthly,PORTUGALTOUARR,2015-08-21T14:52:00
Portugal,Tourist Arrivals,1971-11-30T00:00:00,295000,Monthly,PORTUGALTOUARR,2015-08-21T14:52:00
Portugal,Tourist Arrivals,1971-12-31T00:00:00,218000,Monthly,PORTUGALTOUARR,2015-08-21T14:52:00
Portugal,Tourist Arrivals,1972-01-31T00:00:00,248000,Monthly,PORTUGALTOUARR,2015-08-21T14:52:00
Portugal,Tourist Arrivals,1972-02-29T00:00:00,307000,Monthly,PORTUGALTOUARR,2015-08-21T14:52:00
Portugal,Tourist Arrivals,1972-03-31T00:00:00,437000,Monthly,PORTUGALTOUARR,2015-08-21T14:52:00
Portugal,Tourist Arrivals,1972-04-30T00:00:00,455000,Monthly,PORTUGALTOUARR,2015-08-21T14:52:00
Portugal,Tourist Arrivals,1972-05-31T00:00:00,510000,Monthly,PORTUGALTOUARR,2015-08-21T14:52:00
Portugal,Tourist Arrivals,1972-06-30T00:00:00,537000,Monthly,PORTUGALTOUARR,2015-08-21T14:52:00
Portugal,Tourist Arrivals,1972-07-31T00:00:00,712000,Monthly,PORTUGALTOUARR,2015-08-21T14:52:00
Portugal,Tourist Arrivals,1972-08-31T00:00:00,745000,Monthly,PORTUGALTOUARR,2015-08-21T14:52:00
Portugal,Tourist Arrivals,1972-09-30T00:00:00,664000,Monthly,PORTUGALTOUARR,2015-08-21T14:52:00
Portugal,Tourist Arrivals,1972-10-31T00:00:00,537000,Monthly,PORTUGALTOUARR,2015-08-21T14:52:00
Portugal,Tourist Arrivals,1972-11-30T00:00:00,322000,Monthly,PORTUGALTOUARR,2015-08-21T14:52:00
Portugal,Tourist Arrivals,1972-12-31T00:00:00,264000,Monthly,PORTUGALTOUARR,2015-08-21T14:52:00
Portugal,Tourist Arrivals,1973-01-31T00:00:00,264000,Monthly,PORTUGALTOUARR,2015-08-21T14:52:00
Portugal,Tourist Arrivals,1973-02-28T00:00:00,317000,Monthly,PORTUGALTOUARR,2015-08-21T14:52:00
Portugal,Tourist Arrivals,1973-03-31T00:00:00,416000,Monthly,PORTUGALTOUARR,2015-08-21T14:52:00
Portugal,Tourist Arrivals,1973-04-30T00:00:00,553000,Monthly,PORTUGALTOUARR,2015-08-21T14:52:00
Portugal,Tourist Arrivals,1973-05-31T00:00:00,513000,Monthly,PORTUGALTOUARR,2015-08-21T14:52:00
Portugal,Tourist Arrivals,1973-06-30T00:00:00,616000,Monthly,PORTUGALTOUARR,2015-08-21T14:52:00
Portugal,Tourist Arrivals,1973-07-31T00:00:00,773000,Monthly,PORTUGALTOUARR,2015-08-21T14:52:00
Portugal,Tourist Arrivals,1973-08-31T00:00:00,807000,Monthly,PORTUGALTOUARR,2015-08-21T14:52:00
Portugal,Tourist Arrivals,1973-09-30T00:00:00,677000,Monthly,PORTUGALTOUARR,2015-08-21T14:52:00
Portugal,Tourist Arrivals,1973-10-31T00:00:00,553000,Monthly,PORTUGALTOUARR,2015-08-21T14:52:00
Portugal,Tourist Arrivals,1973-11-30T00:00:00,333000,Monthly,PORTUGALTOUARR,2015-08-21T14:52:00
Portugal,Tourist Arrivals,1973-12-31T00:00:00,250000,Monthly,PORTUGALTOUARR,2015-08-21T14:52:00
Portugal,Tourist Arrivals,1974-01-31T00:00:00,259000,Monthly,PORTUGALTOUARR,2015-08-21T14:52:00
Portugal,Tourist Arrivals,1974-02-28T00:00:00,290000,Monthly,PORTUGALTOUARR,2015-08-21T14:52:00
Portugal,Tourist Arrivals,1974-03-31T00:00:00,405000,Monthly,PORTUGALTOUARR,2015-08-21T14:52:00
Portugal,Tourist Arrivals,1974-04-30T00:00:00,481000,Monthly,PORTUGALTOUARR,2015-08-21T14:52:00
Portugal,Tourist Arrivals,1974-05-31T00:00:00,417000,Monthly,PORTUGALTOUARR,2015-08-21T14:52:00
Portugal,Tourist Arrivals,1974-06-30T00:00:00,429000,Monthly,PORTUGALTOUARR,2015-08-21T14:52:00
Portugal,Tourist Arrivals,1974-07-31T00:00:00,558000,Monthly,PORTUGALTOUARR,2015-08-21T14:52:00
Portugal,Tourist Arrivals,1974-08-31T00:00:00,618000,Monthly,PORTUGALTOUARR,2015-08-21T14:52:00
Portugal,Tourist Arrivals,1974-09-30T00:00:00,514000,Monthly,PORTUGALTOUARR,2015-08-21T14:52:00
Portugal,Tourist Arrivals,1974-10-31T00:00:00,365000,Monthly,PORTUGALTOUARR,2015-08-21T14:52:00
Portugal,Tourist Arrivals,1974-11-30T00:00:00,218000,Monthly,PORTUGALTOUARR,2015-08-21T14:52:00
Portugal,Tourist Arrivals,1974-12-31T00:00:00,222000,Monthly,PORTUGALTOUARR,2015-08-21T14:52:00
Portugal,Tourist Arrivals,1975-01-31T00:00:00,251000,Monthly,PORTUGALTOUARR,2015-08-21T14:52:00
Portugal,Tourist Arrivals,1975-02-28T00:00:00,246000,Monthly,PORTUGALTOUARR,2015-08-21T14:52:00
Portugal,Tourist Arrivals,1975-03-31T00:00:00,323000,Monthly,PORTUGALTOUARR,2015-08-21T14:52:00
Portugal,Tourist Arrivals,1975-04-30T00:00:00,255000,Monthly,PORTUGALTOUARR,2015-08-21T14:52:00
Portugal,Tourist Arrivals,1975-05-31T00:00:00,300000,Monthly,PORTUGALTOUARR,2015-08-21T14:52:00
Portugal,Tourist Arrivals,1975-06-30T00:00:00,315000,Monthly,PORTUGALTOUARR,2015-08-21T14:52:00
Portugal,Tourist Arrivals,1975-07-31T00:00:00,482000,Monthly,PORTUGALTOUARR,2015-08-21T14:52:00
Portugal,Tourist Arrivals,1975-08-31T00:00:00,473000,Monthly,PORTUGALTOUARR,2015-08-21T14:52:00
Portugal,Tourist Arrivals,1975-09-30T00:00:00,313000,Monthly,PORTUGALTOUARR,2015-08-21T14:52:00
Portugal,Tourist Arrivals,1975-10-31T00:00:00,231000,Monthly,PORTUGALTOUARR,2015-08-21T14:52:00
Portugal,Tourist Arrivals,1975-11-30T00:00:00,170000,Monthly,PORTUGALTOUARR,2015-08-21T14:52:00
Portugal,Tourist Arrivals,1975-12-31T00:00:00,188000,Monthly,PORTUGALTOUARR,2015-08-21T14:52:00
Portugal,Tourist Arrivals,1976-01-31T00:00:00,200000,Monthly,PORTUGALTOUARR,2015-08-21T14:52:00
Portugal,Tourist Arrivals,1976-02-29T00:00:00,196000,Monthly,PORTUGALTOUARR,2015-08-21T14:52:00
Portugal,Tourist Arrivals,1976-03-31T00:00:00,241000,Monthly,PORTUGALTOUARR,2015-08-21T14:52:00
Portugal,Tourist Arrivals,1976-04-30T00:00:00,307000,Monthly,PORTUGALTOUARR,2015-08-21T14:52:00
Portugal,Tourist Arrivals,1976-05-31T00:00:00,268000,Monthly,PORTUGALTOUARR,2015-08-21T14:52:00
Portugal,Tourist Arrivals,1976-06-30T00:00:00,320000,Monthly,PORTUGALTOUARR,2015-08-21T14:52:00
Portugal,Tourist Arrivals,1976-07-31T00:00:00,490000,Monthly,PORTUGALTOUARR,2015-08-21T14:52:00
Portugal,Tourist Arrivals,1976-08-31T00:00:00,548000,Monthly,PORTUGALTOUARR,2015-08-21T14:52:00
Portugal,Tourist Arrivals,1976-09-30T00:00:00,446000,Monthly,PORTUGALTOUARR,2015-08-21T14:52:00
Portugal,Tourist Arrivals,1976-10-31T00:00:00,399000,Monthly,PORTUGALTOUARR,2015-08-21T14:52:00
Portugal,Tourist Arrivals,1976-11-30T00:00:00,269000,Monthly,PORTUGALTOUARR,2015-08-21T14:52:00
Portugal,Tourist Arrivals,1976-12-31T00:00:00,265000,Monthly,PORTUGALTOUARR,2015-08-21T14:52:00
Portugal,Tourist Arrivals,1977-01-31T00:00:00,298000,Monthly,PORTUGALTOUARR,2015-08-21T14:52:00
Portugal,Tourist Arrivals,1977-02-28T00:00:00,314000,Monthly,PORTUGALTOUARR,2015-08-21T14:52:00
Portugal,Tourist Arrivals,1977-03-31T00:00:00,402000,Monthly,PORTUGALTOUARR,2015-08-21T14:52:00
Portugal,Tourist Arrivals,1977-04-30T00:00:00,572000,Monthly,PORTUGALTOUARR,2015-08-21T14:52:00
Portugal,Tourist Arrivals,1977-05-31T00:00:00,567000,Monthly,PORTUGALTOUARR,2015-08-21T14:52:00
Portugal,Tourist Arrivals,1977-06-30T00:00:00,615000,Monthly,PORTUGALTOUARR,2015-08-21T14:52:00
Portugal,Tourist Arrivals,1977-07-31T00:00:00,799000,Monthly,PORTUGALTOUARR,2015-08-21T14:52:00
Portugal,Tourist Arrivals,1977-08-31T00:00:00,882000,Monthly,PORTUGALTOUARR,2015-08-21T14:52:00
Portugal,Tourist Arrivals,1977-09-30T00:00:00,742000,Monthly,PORTUGALTOUARR,2015-08-21T14:52:00
Portugal,Tourist Arrivals,1977-10-31T00:00:00,613000,Monthly,PORTUGALTOUARR,2015-08-21T14:52:00
Portugal,Tourist Arrivals,1977-11-30T00:00:00,412000,Monthly,PORTUGALTOUARR,2015-08-21T14:52:00
Portugal,Tourist Arrivals,1977-12-31T00:00:00,303000,Monthly,PORTUGALTOUARR,2015-08-21T14:52:00
Portugal,Tourist Arrivals,1978-01-31T00:00:00,324000,Monthly,PORTUGALTOUARR,2015-08-21T14:52:00
Portugal,Tourist Arrivals,1978-02-28T00:00:00,336000,Monthly,PORTUGALTOUARR,2015-08-21T14:52:00
Portugal,Tourist Arrivals,1978-03-31T00:00:00,532000,Monthly,PORTUGALTOUARR,2015-08-21T14:52:00
Portugal,Tourist Arrivals,1978-04-30T00:00:00,508000,Monthly,PORTUGALTOUARR,2015-08-21T14:52:00
Portugal,Tourist Arrivals,1978-05-31T00:00:00,664000,Monthly,PORTUGALTOUARR,2015-08-21T14:52:00
Portugal,Tourist Arrivals,1978-06-30T00:00:00,642000,Monthly,PORTUGALTOUARR,2015-08-21T14:52:00
Portugal,Tourist Arrivals,1978-07-31T00:00:00,950000,Monthly,PORTUGALTOUARR,2015-08-21T14:52:00
Portugal,Tourist Arrivals,1978-08-31T00:00:00,1069000,Monthly,PORTUGALTOUARR,2015-08-21T14:52:00
Portugal,Tourist Arrivals,1978-09-30T00:00:00,858000,Monthly,PORTUGALTOUARR,2015-08-21T14:52:00
Portugal,Tourist Arrivals,1978-10-31T00:00:00,636000,Monthly,PORTUGALTOUARR,2015-08-21T14:52:00
Portugal,Tourist Arrivals,1978-11-30T00:00:00,398000,Monthly,PORTUGALTOUARR,2015-08-21T14:52:00
Portugal,Tourist Arrivals,1978-12-31T00:00:00,335000,Monthly,PORTUGALTOUARR,2015-08-21T14:52:00
Portugal,Tourist Arrivals,1979-01-31T00:00:00,333000,Monthly,PORTUGALTOUARR,2015-08-21T14:52:00
Portugal,Tourist Arrivals,1979-02-28T00:00:00,377000,Monthly,PORTUGALTOUARR,2015-08-21T14:52:00
Portugal,Tourist Arrivals,1979-03-31T00:00:00,511000,Monthly,PORTUGALTOUARR,2015-08-21T14:52:00
Portugal,Tourist Arrivals,1979-04-30T00:00:00,683000,Monthly,PORTUGALTOUARR,2015-08-21T14:52:00
Portugal,Tourist Arrivals,1979-05-31T00:00:00,737000,Monthly,PORTUGALTOUARR,2015-08-21T14:52:00
Portugal,Tourist Arrivals,1979-06-30T00:00:00,808000,Monthly,PORTUGALTOUARR,2015-08-21T14:52:00
Portugal,Tourist Arrivals,1979-07-31T00:00:00,1051000,Monthly,PORTUGALTOUARR,2015-08-21T14:52:00
Portugal,Tourist Arrivals,1979-08-31T00:00:00,1119000,Monthly,PORTUGALTOUARR,2015-08-21T14:52:00
Portugal,Tourist Arrivals,1979-09-30T00:00:00,1035000,Monthly,PORTUGALTOUARR,2015-08-21T14:52:00
Portugal,Tourist Arrivals,1979-10-31T00:00:00,783000,Monthly,PORTUGALTOUARR,2015-08-21T14:52:00
Portugal,Tourist Arrivals,1979-11-30T00:00:00,473000,Monthly,PORTUGALTOUARR,2015-08-21T14:52:00
Portugal,Tourist Arrivals,1979-12-31T00:00:00,370000,Monthly,PORTUGALTOUARR,2015-08-21T14:52:00
Portugal,Tourist Arrivals,1980-01-31T00:00:00,394000,Monthly,PORTUGALTOUARR,2015-08-21T14:52:00
Portugal,Tourist Arrivals,1980-02-29T00:00:00,460000,Monthly,PORTUGALTOUARR,2015-08-21T14:52:00
Portugal,Tourist Arrivals,1980-03-31T00:00:00,690000,Monthly,PORTUGALTOUARR,2015-08-21T14:52:00
Portugal,Tourist Arrivals,1980-04-30T00:00:00,878000,Monthly,PORTUGALTOUARR,2015-08-21T14:52:00
Portugal,Tourist Arrivals,1980-05-31T00:00:00,939000,Monthly,PORTUGALTOUARR,2015-08-21T14:52:00
Portugal,Tourist Arrivals,1980-06-30T00:00:00,995000,Monthly,PORTUGALTOUARR,2015-08-21T14:52:00
Portugal,Tourist Arrivals,1980-07-31T00:00:00,1295000,Monthly,PORTUGALTOUARR,2015-08-21T14:52:00
Portugal,Tourist Arrivals,1980-08-31T00:00:00,1496000,Monthly,PORTUGALTOUARR,2015-08-21T14:52:00
Portugal,Tourist Arrivals,1980-09-30T00:00:00,1197000,Monthly,PORTUGALTOUARR,2015-08-21T14:52:00
Portugal,Tourist Arrivals,1980-10-31T00:00:00,870000,Monthly,PORTUGALTOUARR,2015-08-21T14:52:00
Portugal,Tourist Arrivals,1980-11-30T00:00:00,511000,Monthly,PORTUGALTOUARR,2015-08-21T14:52:00
Portugal,Tourist Arrivals,1980-12-31T00:00:00,409000,Monthly,PORTUGALTOUARR,2015-08-21T14:52:00
Portugal,Tourist Arrivals,1981-01-31T00:00:00,390000,Monthly,PORTUGALTOUARR,2015-08-21T14:52:00
Portugal,Tourist Arrivals,1981-02-28T00:00:00,432000,Monthly,PORTUGALTOUARR,2015-08-21T14:52:00
Portugal,Tourist Arrivals,1981-03-31T00:00:00,613000,Monthly,PORTUGALTOUARR,2015-08-21T14:52:00
Portugal,Tourist Arrivals,1981-04-30T00:00:00,861000,Monthly,PORTUGALTOUARR,2015-08-21T14:52:00
Portugal,Tourist Arrivals,1981-05-31T00:00:00,917000,Monthly,PORTUGALTOUARR,2015-08-21T14:52:00
Portugal,Tourist Arrivals,1981-06-30T00:00:00,953000,Monthly,PORTUGALTOUARR,2015-08-21T14:52:00
Portugal,Tourist Arrivals,1981-07-31T00:00:00,1183000,Monthly,PORTUGALTOUARR,2015-08-21T14:52:00
Portugal,Tourist Arrivals,1981-08-31T00:00:00,1290000,Monthly,PORTUGALTOUARR,2015-08-21T14:52:00
Portugal,Tourist Arrivals,1981-09-30T00:00:00,1053000,Monthly,PORTUGALTOUARR,2015-08-21T14:52:00
Portugal,Tourist Arrivals,1981-10-31T00:00:00,818000,Monthly,PORTUGALTOUARR,2015-08-21T14:52:00
Portugal,Tourist Arrivals,1981-11-30T00:00:00,460000,Monthly,PORTUGALTOUARR,2015-08-21T14:52:00
Portugal,Tourist Arrivals,1981-12-31T00:00:00,404000,Monthly,PORTUGALTOUARR,2015-08-21T14:52:00
Portugal,Tourist Arrivals,1982-01-31T00:00:00,413000,Monthly,PORTUGALTOUARR,2015-08-21T14:52:00
Portugal,Tourist Arrivals,1982-02-28T00:00:00,475000,Monthly,PORTUGALTOUARR,2015-08-21T14:52:00
Portugal,Tourist Arrivals,1982-03-31T00:00:00,696000,Monthly,PORTUGALTOUARR,2015-08-21T14:52:00
Portugal,Tourist Arrivals,1982-04-30T00:00:00,845000,Monthly,PORTUGALTOUARR,2015-08-21T14:52:00
Portugal,Tourist Arrivals,1982-05-31T00:00:00,929000,Monthly,PORTUGALTOUARR,2015-08-21T14:52:00
Portugal,Tourist Arrivals,1982-06-30T00:00:00,1026000,Monthly,PORTUGALTOUARR,2015-08-21T14:52:00
Portugal,Tourist Arrivals,1982-07-31T00:00:00,1239000,Monthly,PORTUGALTOUARR,2015-08-21T14:52:00
Portugal,Tourist Arrivals,1982-08-31T00:00:00,1364000,Monthly,PORTUGALTOUARR,2015-08-21T14:52:00
Portugal,Tourist Arrivals,1982-09-30T00:00:00,1134000,Monthly,PORTUGALTOUARR,2015-08-21T14:52:00
Portugal,Tourist Arrivals,1982-10-31T00:00:00,959000,Monthly,PORTUGALTOUARR,2015-08-21T14:52:00
Portugal,Tourist Arrivals,1982-11-30T00:00:00,522000,Monthly,PORTUGALTOUARR,2015-08-21T14:52:00
Portugal,Tourist Arrivals,1982-12-31T00:00:00,396000,Monthly,PORTUGALTOUARR,2015-08-21T14:52:00
Portugal,Tourist Arrivals,1983-01-31T00:00:00,445000,Monthly,PORTUGALTOUARR,2015-08-21T14:52:00
Portugal,Tourist Arrivals,1983-02-28T00:00:00,531000,Monthly,PORTUGALTOUARR,2015-08-21T14:52:00
Portugal,Tourist Arrivals,1983-03-31T00:00:00,818000,Monthly,PORTUGALTOUARR,2015-08-21T14:52:00
Portugal,Tourist Arrivals,1983-04-30T00:00:00,833000,Monthly,PORTUGALTOUARR,2015-08-21T14:52:00
Portugal,Tourist Arrivals,1983-05-31T00:00:00,1025000,Monthly,PORTUGALTOUARR,2015-08-21T14:52:00
Portugal,Tourist Arrivals,1983-06-30T00:00:00,1101000,Monthly,PORTUGALTOUARR,2015-08-21T14:52:00
Portugal,Tourist Arrivals,1983-07-31T00:00:00,1331000,Monthly,PORTUGALTOUARR,2015-08-21T14:52:00
Portugal,Tourist Arrivals,1983-08-31T00:00:00,1492000,Monthly,PORTUGALTOUARR,2015-08-21T14:52:00
Portugal,Tourist Arrivals,1983-09-30T00:00:00,1244000,Monthly,PORTUGALTOUARR,2015-08-21T14:52:00
Portugal,Tourist Arrivals,1983-10-31T00:00:00,986000,Monthly,PORTUGALTOUARR,2015-08-21T14:52:00
Portugal,Tourist Arrivals,1983-11-30T00:00:00,552000,Monthly,PORTUGALTOUARR,2015-08-21T14:52:00
Portugal,Tourist Arrivals,1983-12-31T00:00:00,417000,Monthly,PORTUGALTOUARR,2015-08-21T14:52:00
Portugal,Tourist Arrivals,1984-01-31T00:00:00,478000,Monthly,PORTUGALTOUARR,2015-08-21T14:52:00
Portugal,Tourist Arrivals,1984-02-29T00:00:00,560000,Monthly,PORTUGALTOUARR,2015-08-21T14:52:00
Portugal,Tourist Arrivals,1984-03-31T00:00:00,779000,Monthly,PORTUGALTOUARR,2015-08-21T14:52:00
Portugal,Tourist Arrivals,1984-04-30T00:00:00,963000,Monthly,PORTUGALTOUARR,2015-08-21T14:52:00
Portugal,Tourist Arrivals,1984-05-31T00:00:00,1124000,Monthly,PORTUGALTOUARR,2015-08-21T14:52:00
Portugal,Tourist Arrivals,1984-06-30T00:00:00,1270000,Monthly,PORTUGALTOUARR,2015-08-21T14:52:00
Portugal,Tourist Arrivals,1984-07-31T00:00:00,1455000,Monthly,PORTUGALTOUARR,2015-08-21T14:52:00
Portugal,Tourist Arrivals,1984-08-31T00:00:00,1597000,Monthly,PORTUGALTOUARR,2015-08-21T14:52:00
Portugal,Tourist Arrivals,1984-09-30T00:00:00,1439000,Monthly,PORTUGALTOUARR,2015-08-21T14:52:00
Portugal,Tourist Arrivals,1984-10-31T00:00:00,1102000,Monthly,PORTUGALTOUARR,2015-08-21T14:52:00
Portugal,Tourist Arrivals,1984-11-30T00:00:00,667000,Monthly,PORTUGALTOUARR,2015-08-21T14:52:00
Portugal,Tourist Arrivals,1984-12-31T00:00:00,552000,Monthly,PORTUGALTOUARR,2015-08-21T14:52:00
Portugal,Tourist Arrivals,1985-01-31T00:00:00,620000,Monthly,PORTUGALTOUARR,2015-08-21T14:52:00
Portugal,Tourist Arrivals,1985-02-28T00:00:00,720000,Monthly,PORTUGALTOUARR,2015-08-21T14:52:00
Portugal,Tourist Arrivals,1985-03-31T00:00:00,1007000,Monthly,PORTUGALTOUARR,2015-08-21T14:52:00
Portugal,Tourist Arrivals,1985-04-30T00:00:00,1086000,Monthly,PORTUGALTOUARR,2015-08-21T14:52:00
Portugal,Tourist Arrivals,1985-05-31T00:00:00,1238000,Monthly,PORTUGALTOUARR,2015-08-21T14:52:00
Portugal,Tourist Arrivals,1985-06-30T00:00:00,1418000,Monthly,PORTUGALTOUARR,2015-08-21T14:52:00
Portugal,Tourist Arrivals,1985-07-31T00:00:00,1670000,Monthly,PORTUGALTOUARR,2015-08-21T14:52:00
Portugal,Tourist Arrivals,1985-08-31T00:00:00,1776000,Monthly,PORTUGALTOUARR,2015-08-21T14:52:00
Portugal,Tourist Arrivals,1985-09-30T00:00:00,1575000,Monthly,PORTUGALTOUARR,2015-08-21T14:52:00
Portugal,Tourist Arrivals,1985-10-31T00:00:00,1304000,Monthly,PORTUGALTOUARR,2015-08-21T14:52:00
Portugal,Tourist Arrivals,1985-11-30T00:00:00,733000,Monthly,PORTUGALTOUARR,2015-08-21T14:52:00
Portugal,Tourist Arrivals,1985-12-31T00:00:00,601000,Monthly,PORTUGALTOUARR,2015-08-21T14:52:00
Portugal,Tourist Arrivals,1986-01-31T00:00:00,619000,Monthly,PORTUGALTOUARR,2015-08-21T14:52:00
Portugal,Tourist Arrivals,1986-02-28T00:00:00,720000,Monthly,PORTUGALTOUARR,2015-08-21T14:52:00
Portugal,Tourist Arrivals,1986-03-31T00:00:00,1132000,Monthly,PORTUGALTOUARR,2015-08-21T14:52:00
Portugal,Tourist Arrivals,1986-04-30T00:00:00,1051000,Monthly,PORTUGALTOUARR,2015-08-21T14:52:00
Portugal,Tourist Arrivals,1986-05-31T00:00:00,1435000,Monthly,PORTUGALTOUARR,2015-08-21T14:52:00
Portugal,Tourist Arrivals,1986-06-30T00:00:00,1566000,Monthly,PORTUGALTOUARR,2015-08-21T14:52:00
Portugal,Tourist Arrivals,1986-07-31T00:00:00,1855000,Monthly,PORTUGALTOUARR,2015-08-21T14:52:00
Portugal,Tourist Arrivals,1986-08-31T00:00:00,2090000,Monthly,PORTUGALTOUARR,2015-08-21T14:52:00
Portugal,Tourist Arrivals,1986-09-30T00:00:00,1783000,Monthly,PORTUGALTOUARR,2015-08-21T14:52:00
Portugal,Tourist Arrivals,1986-10-31T00:00:00,1435000,Monthly,PORTUGALTOUARR,2015-08-21T14:52:00
Portugal,Tourist Arrivals,1986-11-30T00:00:00,741000,Monthly,PORTUGALTOUARR,2015-08-21T14:52:00
Portugal,Tourist Arrivals,1986-12-31T00:00:00,596000,Monthly,PORTUGALTOUARR,2015-08-21T14:52:00
Portugal,Tourist Arrivals,1987-01-31T00:00:00,638000,Monthly,PORTUGALTOUARR,2015-08-21T14:52:00
Portugal,Tourist Arrivals,1987-02-28T00:00:00,733000,Monthly,PORTUGALTOUARR,2015-08-21T14:52:00
Portugal,Tourist Arrivals,1987-03-31T00:00:00,979000,Monthly,PORTUGALTOUARR,2015-08-21T14:52:00
Portugal,Tourist Arrivals,1987-04-30T00:00:00,1248000,Monthly,PORTUGALTOUARR,2015-08-21T14:52:00
Portugal,Tourist Arrivals,1987-05-31T00:00:00,1495000,Monthly,PORTUGALTOUARR,2015-08-21T14:52:00
Portugal,Tourist Arrivals,1987-06-30T00:00:00,1616000,Monthly,PORTUGALTOUARR,2015-08-21T14:52:00
Portugal,Tourist Arrivals,1987-07-31T00:00:00,1813000,Monthly,PORTUGALTOUARR,2015-08-21T14:52:00
Portugal,Tourist Arrivals,1987-08-31T00:00:00,2020000,Monthly,PORTUGALTOUARR,2015-08-21T14:52:00
Portugal,Tourist Arrivals,1987-09-30T00:00:00,1798000,Monthly,PORTUGALTOUARR,2015-08-21T14:52:00
Portugal,Tourist Arrivals,1987-10-31T00:00:00,1483000,Monthly,PORTUGALTOUARR,2015-08-21T14:52:00
Portugal,Tourist Arrivals,1987-11-30T00:00:00,817000,Monthly,PORTUGALTOUARR,2015-08-21T14:52:00
Portugal,Tourist Arrivals,1987-12-31T00:00:00,593000,Monthly,PORTUGALTOUARR,2015-08-21T14:52:00
Portugal,Tourist Arrivals,1988-01-31T00:00:00,641000,Monthly,PORTUGALTOUARR,2015-08-21T14:52:00
Portugal,Tourist Arrivals,1988-02-29T00:00:00,777000,Monthly,PORTUGALTOUARR,2015-08-21T14:52:00
Portugal,Tourist Arrivals,1988-03-31T00:00:00,1108000,Monthly,PORTUGALTOUARR,2015-08-21T14:52:00
Portugal,Tourist Arrivals,1988-04-30T00:00:00,1248000,Monthly,PORTUGALTOUARR,2015-08-21T14:52:00
Portugal,Tourist Arrivals,1988-05-31T00:00:00,1487000,Monthly,PORTUGALTOUARR,2015-08-21T14:52:00
Portugal,Tourist Arrivals,1988-06-30T00:00:00,1661000,Monthly,PORTUGALTOUARR,2015-08-21T14:52:00
Portugal,Tourist Arrivals,1988-07-31T00:00:00,1988000,Monthly,PORTUGALTOUARR,2015-08-21T14:52:00
Portugal,Tourist Arrivals,1988-08-31T00:00:00,2149000,Monthly,PORTUGALTOUARR,2015-08-21T14:52:00
Portugal,Tourist Arrivals,1988-09-30T00:00:00,1792000,Monthly,PORTUGALTOUARR,2015-08-21T14:52:00
Portugal,Tourist Arrivals,1988-10-31T00:00:00,1449000,Monthly,PORTUGALTOUARR,2015-08-21T14:52:00
Portugal,Tourist Arrivals,1988-11-30T00:00:00,857000,Monthly,PORTUGALTOUARR,2015-08-21T14:52:00
Portugal,Tourist Arrivals,1988-12-31T00:00:00,666000,Monthly,PORTUGALTOUARR,2015-08-21T14:52:00
Portugal,Tourist Arrivals,1989-01-31T00:00:00,723000,Monthly,PORTUGALTOUARR,2015-08-21T14:52:00
Portugal,Tourist Arrivals,1989-02-28T00:00:00,852000,Monthly,PORTUGALTOUARR,2015-08-21T14:52:00
Portugal,Tourist Arrivals,1989-03-31T00:00:00,1267000,Monthly,PORTUGALTOUARR,2015-08-21T14:52:00
Portugal,Tourist Arrivals,1989-04-30T00:00:00,1232000,Monthly,PORTUGALTOUARR,2015-08-21T14:52:00
Portugal,Tourist Arrivals,1989-05-31T00:00:00,1587000,Monthly,PORTUGALTOUARR,2015-08-21T14:52:00
Portugal,Tourist Arrivals,1989-06-30T00:00:00,1606000,Monthly,PORTUGALTOUARR,2015-08-21T14:52:00
Portugal,Tourist Arrivals,1989-07-31T00:00:00,1952000,Monthly,PORTUGALTOUARR,2015-08-21T14:52:00
Portugal,Tourist Arrivals,1989-08-31T00:00:00,2247000,Monthly,PORTUGALTOUARR,2015-08-21T14:52:00
Portugal,Tourist Arrivals,1989-09-30T00:00:00,1868000,Monthly,PORTUGALTOUARR,2015-08-21T14:52:00
Portugal,Tourist Arrivals,1989-10-31T00:00:00,1459000,Monthly,PORTUGALTOUARR,2015-08-21T14:52:00
Portugal,Tourist Arrivals,1989-11-30T00:00:00,859000,Monthly,PORTUGALTOUARR,2015-08-21T14:52:00
Portugal,Tourist Arrivals,1989-12-31T00:00:00,686000,Monthly,PORTUGALTOUARR,2015-08-21T14:52:00
Portugal,Tourist Arrivals,1990-01-31T00:00:00,734000,Monthly,PORTUGALTOUARR,2015-08-21T14:52:00
Portugal,Tourist Arrivals,1990-02-28T00:00:00,847000,Monthly,PORTUGALTOUARR,2015-08-21T14:52:00
Portugal,Tourist Arrivals,1990-03-31T00:00:00,1235000,Monthly,PORTUGALTOUARR,2015-08-21T14:52:00
Portugal,Tourist Arrivals,1990-04-30T00:00:00,1511000,Monthly,PORTUGALTOUARR,2015-08-21T14:52:00
Portugal,Tourist Arrivals,1990-05-31T00:00:00,1626000,Monthly,PORTUGALTOUARR,2015-08-21T14:52:00
Portugal,Tourist Arrivals,1990-06-30T00:00:00,1762000,Monthly,PORTUGALTOUARR,2015-08-21T14:52:00
Portugal,Tourist Arrivals,1990-07-31T00:00:00,2117000,Monthly,PORTUGALTOUARR,2015-08-21T14:52:00
Portugal,Tourist Arrivals,1990-08-31T00:00:00,2525000,Monthly,PORTUGALTOUARR,2015-08-21T14:52:00
Portugal,Tourist Arrivals,1990-09-30T00:00:00,2141000,Monthly,PORTUGALTOUARR,2015-08-21T14:52:00
Portugal,Tourist Arrivals,1990-10-31T00:00:00,1704000,Monthly,PORTUGALTOUARR,2015-08-21T14:52:00
Portugal,Tourist Arrivals,1990-11-30T00:00:00,994000,Monthly,PORTUGALTOUARR,2015-08-21T14:52:00
Portugal,Tourist Arrivals,1990-12-31T00:00:00,770000,Monthly,PORTUGALTOUARR,2015-08-21T14:52:00
Portugal,Tourist Arrivals,1991-01-31T00:00:00,797000,Monthly,PORTUGALTOUARR,2015-08-21T14:52:00
Portugal,Tourist Arrivals,1991-02-28T00:00:00,934000,Monthly,PORTUGALTOUARR,2015-08-21T14:52:00
Portugal,Tourist Arrivals,1991-03-31T00:00:00,1483000,Monthly,PORTUGALTOUARR,2015-08-21T14:52:00
Portugal,Tourist Arrivals,1991-04-30T00:00:00,1545000,Monthly,PORTUGALTOUARR,2015-08-21T14:52:00
Portugal,Tourist Arrivals,1991-05-31T00:00:00,2080000,Monthly,PORTUGALTOUARR,2015-08-21T14:52:00
Portugal,Tourist Arrivals,1991-06-30T00:00:00,2175000,Monthly,PORTUGALTOUARR,2015-08-21T14:52:00
Portugal,Tourist Arrivals,1991-07-31T00:00:00,2492000,Monthly,PORTUGALTOUARR,2015-08-21T14:52:00
Portugal,Tourist Arrivals,1991-08-31T00:00:00,2835000,Monthly,PORTUGALTOUARR,2015-08-21T14:52:00
Portugal,Tourist Arrivals,1991-09-30T00:00:00,2404000,Monthly,PORTUGALTOUARR,2015-08-21T14:52:00
Portugal,Tourist Arrivals,1991-10-31T00:00:00,1907000,Monthly,PORTUGALTOUARR,2015-08-21T14:52:00
Portugal,Tourist Arrivals,1991-11-30T00:00:00,1061000,Monthly,PORTUGALTOUARR,2015-08-21T14:52:00
Portugal,Tourist Arrivals,1991-12-31T00:00:00,809000,Monthly,PORTUGALTOUARR,2015-08-21T14:52:00
Portugal,Tourist Arrivals,1992-01-31T00:00:00,840000,Monthly,PORTUGALTOUARR,2015-08-21T14:52:00
Portugal,Tourist Arrivals,1992-02-29T00:00:00,1060000,Monthly,PORTUGALTOUARR,2015-08-21T14:52:00
Portugal,Tourist Arrivals,1992-03-31T00:00:00,1359000,Monthly,PORTUGALTOUARR,2015-08-21T14:52:00
Portugal,Tourist Arrivals,1992-04-30T00:00:00,1746000,Monthly,PORTUGALTOUARR,2015-08-21T14:52:00
Portugal,Tourist Arrivals,1992-05-31T00:00:00,2034000,Monthly,PORTUGALTOUARR,2015-08-21T14:52:00
Portugal,Tourist Arrivals,1992-06-30T00:00:00,2024000,Monthly,PORTUGALTOUARR,2015-08-21T14:52:00
Portugal,Tourist Arrivals,1992-07-31T00:00:00,2206000,Monthly,PORTUGALTOUARR,2015-08-21T14:52:00
Portugal,Tourist Arrivals,1992-08-31T00:00:00,2514000,Monthly,PORTUGALTOUARR,2015-08-21T14:52:00
Portugal,Tourist Arrivals,1992-09-30T00:00:00,2165000,Monthly,PORTUGALTOUARR,2015-08-21T14:52:00
Portugal,Tourist Arrivals,1992-10-31T00:00:00,1648000,Monthly,PORTUGALTOUARR,2015-08-21T14:52:00
Portugal,Tourist Arrivals,1992-11-30T00:00:00,874000,Monthly,PORTUGALTOUARR,2015-08-21T14:52:00
Portugal,Tourist Arrivals,1992-12-31T00:00:00,750000,Monthly,PORTUGALTOUARR,2015-08-21T14:52:00
Portugal,Tourist Arrivals,1993-01-31T00:00:00,783000,Monthly,PORTUGALTOUARR,2015-08-21T14:52:00
Portugal,Tourist Arrivals,1993-02-28T00:00:00,933000,Monthly,PORTUGALTOUARR,2015-08-21T14:52:00
Portugal,Tourist Arrivals,1993-03-31T00:00:00,1260000,Monthly,PORTUGALTOUARR,2015-08-21T14:52:00
Portugal,Tourist Arrivals,1993-04-30T00:00:00,1499000,Monthly,PORTUGALTOUARR,2015-08-21T14:52:00
Portugal,Tourist Arrivals,1993-05-31T00:00:00,1667000,Monthly,PORTUGALTOUARR,2015-08-21T14:52:00
Portugal,Tourist Arrivals,1993-06-30T00:00:00,1683000,Monthly,PORTUGALTOUARR,2015-08-21T14:52:00
Portugal,Tourist Arrivals,1993-07-31T00:00:00,1899000,Monthly,PORTUGALTOUARR,2015-08-21T14:52:00
Portugal,Tourist Arrivals,1993-08-31T00:00:00,2274000,Monthly,PORTUGALTOUARR,2015-08-21T14:52:00
Portugal,Tourist Arrivals,1993-09-30T00:00:00,2052000,Monthly,PORTUGALTOUARR,2015-08-21T14:52:00
Portugal,Tourist Arrivals,1993-10-31T00:00:00,1654000,Monthly,PORTUGALTOUARR,2015-08-21T14:52:00
Portugal,Tourist Arrivals,1993-11-30T00:00:00,934000,Monthly,PORTUGALTOUARR,2015-08-21T14:52:00
Portugal,Tourist Arrivals,1993-12-31T00:00:00,754000,Monthly,PORTUGALTOUARR,2015-08-21T14:52:00
Portugal,Tourist Arrivals,1994-01-31T00:00:00,795000,Monthly,PORTUGALTOUARR,2015-08-21T14:52:00
Portugal,Tourist Arrivals,1994-02-28T00:00:00,944000,Monthly,PORTUGALTOUARR,2015-08-21T14:52:00
Portugal,Tourist Arrivals,1994-03-31T00:00:00,1421000,Monthly,PORTUGALTOUARR,2015-08-21T14:52:00
Portugal,Tourist Arrivals,1994-04-30T00:00:00,1569000,Monthly,PORTUGALTOUARR,2015-08-21T14:52:00
Portugal,Tourist Arrivals,1994-05-31T00:00:00,1992000,Monthly,PORTUGALTOUARR,2015-08-21T14:52:00
Portugal,Tourist Arrivals,1994-06-30T00:00:00,2124000,Monthly,PORTUGALTOUARR,2015-08-21T14:52:00
Portugal,Tourist Arrivals,1994-07-31T00:00:00,2471000,Monthly,PORTUGALTOUARR,2015-08-21T14:52:00
Portugal,Tourist Arrivals,1994-08-31T00:00:00,2654000,Monthly,PORTUGALTOUARR,2015-08-21T14:52:00
Portugal,Tourist Arrivals,1994-09-30T00:00:00,2433000,Monthly,PORTUGALTOUARR,2015-08-21T14:52:00
Portugal,Tourist Arrivals,1994-10-31T00:00:00,1822000,Monthly,PORTUGALTOUARR,2015-08-21T14:52:00
Portugal,Tourist Arrivals,1994-11-30T00:00:00,1115000,Monthly,PORTUGALTOUARR,2015-08-21T14:52:00
Portugal,Tourist Arrivals,1994-12-31T00:00:00,856000,Monthly,PORTUGALTOUARR,2015-08-21T14:52:00
Portugal,Tourist Arrivals,1995-01-31T00:00:00,918000,Monthly,PORTUGALTOUARR,2015-08-21T14:52:00
Portugal,Tourist Arrivals,1995-02-28T00:00:00,1078000,Monthly,PORTUGALTOUARR,2015-08-21T14:52:00
Portugal,Tourist Arrivals,1995-03-31T00:00:00,1516000,Monthly,PORTUGALTOUARR,2015-08-21T14:52:00
Portugal,Tourist Arrivals,1995-04-30T00:00:00,1948000,Monthly,PORTUGALTOUARR,2015-08-21T14:52:00
Portugal,Tourist Arrivals,1995-05-31T00:00:00,2309000,Monthly,PORTUGALTOUARR,2015-08-21T14:52:00
Portugal,Tourist Arrivals,1995-06-30T00:00:00,2352000,Monthly,PORTUGALTOUARR,2015-08-21T14:52:00
Portugal,Tourist Arrivals,1995-07-31T00:00:00,2561000,Monthly,PORTUGALTOUARR,2015-08-21T14:52:00
Portugal,Tourist Arrivals,1995-08-31T00:00:00,2733000,Monthly,PORTUGALTOUARR,2015-08-21T14:52:00
Portugal,Tourist Arrivals,1995-09-30T00:00:00,2437000,Monthly,PORTUGALTOUARR,2015-08-21T14:52:00
Portugal,Tourist Arrivals,1995-10-31T00:00:00,1937000,Monthly,PORTUGALTOUARR,2015-08-21T14:52:00
Portugal,Tourist Arrivals,1995-11-30T00:00:00,1196000,Monthly,PORTUGALTOUARR,2015-08-21T14:52:00
Portugal,Tourist Arrivals,1995-12-31T00:00:00,902000,Monthly,PORTUGALTOUARR,2015-08-21T14:52:00
Portugal,Tourist Arrivals,1996-01-31T00:00:00,955000,Monthly,PORTUGALTOUARR,2015-08-21T14:52:00
Portugal,Tourist Arrivals,1996-02-29T00:00:00,1179000,Monthly,PORTUGALTOUARR,2015-08-21T14:52:00
Portugal,Tourist Arrivals,1996-03-31T00:00:00,1608000,Monthly,PORTUGALTOUARR,2015-08-21T14:52:00
Portugal,Tourist Arrivals,1996-04-30T00:00:00,1859000,Monthly,PORTUGALTOUARR,2015-08-21T14:52:00
Portugal,Tourist Arrivals,1996-05-31T00:00:00,2168000,Monthly,PORTUGALTOUARR,2015-08-21T14:52:00
Portugal,Tourist Arrivals,1996-06-30T00:00:00,2165000,Monthly,PORTUGALTOUARR,2015-08-21T14:52:00
Portugal,Tourist Arrivals,1996-07-31T00:00:00,2455000,Monthly,PORTUGALTOUARR,2015-08-21T14:52:00
Portugal,Tourist Arrivals,1996-08-31T00:00:00,2640000,Monthly,PORTUGALTOUARR,2015-08-21T14:52:00
Portugal,Tourist Arrivals,1996-09-30T00:00:00,2444000,Monthly,PORTUGALTOUARR,2015-08-21T14:52:00
Portugal,Tourist Arrivals,1996-10-31T00:00:00,1992000,Monthly,PORTUGALTOUARR,2015-08-21T14:52:00
Portugal,Tourist Arrivals,1996-11-30T00:00:00,1101000,Monthly,PORTUGALTOUARR,2015-08-21T14:52:00
Portugal,Tourist Arrivals,1996-12-31T00:00:00,897000,Monthly,PORTUGALTOUARR,2015-08-21T14:52:00
Portugal,Tourist Arrivals,1997-01-31T00:00:00,885000,Monthly,PORTUGALTOUARR,2015-08-21T14:52:00
Portugal,Tourist Arrivals,1997-02-28T00:00:00,1105000,Monthly,PORTUGALTOUARR,2015-08-21T14:52:00
Portugal,Tourist Arrivals,1997-03-31T00:00:00,1765000,Monthly,PORTUGALTOUARR,2015-08-21T14:52:00
Portugal,Tourist Arrivals,1997-04-30T00:00:00,1862000,Monthly,PORTUGALTOUARR,2015-08-21T14:52:00
Portugal,Tourist Arrivals,1997-05-31T00:00:00,2329000,Monthly,PORTUGALTOUARR,2015-08-21T14:52:00
Portugal,Tourist Arrivals,1997-06-30T00:00:00,2259000,Monthly,PORTUGALTOUARR,2015-08-21T14:52:00
Portugal,Tourist Arrivals,1997-07-31T00:00:00,2567000,Monthly,PORTUGALTOUARR,2015-08-21T14:52:00
Portugal,Tourist Arrivals,1997-08-31T00:00:00,2883000,Monthly,PORTUGALTOUARR,2015-08-21T14:52:00
Portugal,Tourist Arrivals,1997-09-30T00:00:00,2499000,Monthly,PORTUGALTOUARR,2015-08-21T14:52:00
Portugal,Tourist Arrivals,1997-10-31T00:00:00,2106000,Monthly,PORTUGALTOUARR,2015-08-21T14:52:00
Portugal,Tourist Arrivals,1997-11-30T00:00:00,1229000,Monthly,PORTUGALTOUARR,2015-08-21T14:52:00
Portugal,Tourist Arrivals,1997-12-31T00:00:00,928000,Monthly,PORTUGALTOUARR,2015-08-21T14:52:00
Portugal,Tourist Arrivals,1998-01-31T00:00:00,1009000,Monthly,PORTUGALTOUARR,2015-08-21T14:52:00
Portugal,Tourist Arrivals,1998-02-28T00:00:00,1227000,Monthly,PORTUGALTOUARR,2015-08-21T14:52:00
Portugal,Tourist Arrivals,1998-03-31T00:00:00,1742000,Monthly,PORTUGALTOUARR,2015-08-21T14:52:00
Portugal,Tourist Arrivals,1998-04-30T00:00:00,2082000,Monthly,PORTUGALTOUARR,2015-08-21T14:52:00
Portugal,Tourist Arrivals,1998-05-31T00:00:00,2437000,Monthly,PORTUGALTOUARR,2015-08-21T14:52:00
Portugal,Tourist Arrivals,1998-06-30T00:00:00,2663000,Monthly,PORTUGALTOUARR,2015-08-21T14:52:00
Portugal,Tourist Arrivals,1998-07-31T00:00:00,2973000,Monthly,PORTUGALTOUARR,2015-08-21T14:52:00
Portugal,Tourist Arrivals,1998-08-31T00:00:00,3296000,Monthly,PORTUGALTOUARR,2015-08-21T14:52:00
Portugal,Tourist Arrivals,1998-09-30T00:00:00,2957000,Monthly,PORTUGALTOUARR,2015-08-21T14:52:00
Portugal,Tourist Arrivals,1998-10-31T00:00:00,2269000,Monthly,PORTUGALTOUARR,2015-08-21T14:52:00
Portugal,Tourist Arrivals,1998-11-30T00:00:00,1301000,Monthly,PORTUGALTOUARR,2015-08-21T14:52:00
Portugal,Tourist Arrivals,1998-12-31T00:00:00,1030000,Monthly,PORTUGALTOUARR,2015-08-21T14:52:00
Portugal,Tourist Arrivals,1999-01-31T00:00:00,1069000,Monthly,PORTUGALTOUARR,2015-08-21T14:52:00
Portugal,Tourist Arrivals,1999-02-28T00:00:00,1318000,Monthly,PORTUGALTOUARR,2015-08-21T14:52:00
Portugal,Tourist Arrivals,1999-03-31T00:00:00,1868000,Monthly,PORTUGALTOUARR,2015-08-21T14:52:00
Portugal,Tourist Arrivals,1999-04-30T00:00:00,2114000,Monthly,PORTUGALTOUARR,2015-08-21T14:52:00
Portugal,Tourist Arrivals,1999-05-31T00:00:00,2508000,Monthly,PORTUGALTOUARR,2015-08-21T14:52:00
Portugal,Tourist Arrivals,1999-06-30T00:00:00,2610000,Monthly,PORTUGALTOUARR,2015-08-21T14:52:00
Portugal,Tourist Arrivals,1999-07-31T00:00:00,2844000,Monthly,PORTUGALTOUARR,2015-08-21T14:52:00
Portugal,Tourist Arrivals,1999-08-31T00:00:00,3194000,Monthly,PORTUGALTOUARR,2015-08-21T14:52:00
Portugal,Tourist Arrivals,1999-09-30T00:00:00,2801000,Monthly,PORTUGALTOUARR,2015-08-21T14:52:00
Portugal,Tourist Arrivals,1999-10-31T00:00:00,2393000,Monthly,PORTUGALTOUARR,2015-08-21T14:52:00
Portugal,Tourist Arrivals,1999-11-30T00:00:00,1396000,Monthly,PORTUGALTOUARR,2015-08-21T14:52:00
Portugal,Tourist Arrivals,1999-12-31T00:00:00,968000,Monthly,PORTUGALTOUARR,2015-08-21T14:52:00
Portugal,Tourist Arrivals,2000-01-31T00:00:00,1075000,Monthly,PORTUGALTOUARR,2015-08-21T14:52:00
Portugal,Tourist Arrivals,2000-02-29T00:00:00,1393000,Monthly,PORTUGALTOUARR,2015-08-21T14:52:00
Portugal,Tourist Arrivals,2000-03-31T00:00:00,1948000,Monthly,PORTUGALTOUARR,2015-08-21T14:52:00
Portugal,Tourist Arrivals,2000-04-30T00:00:00,2276000,Monthly,PORTUGALTOUARR,2015-08-21T14:52:00
Portugal,Tourist Arrivals,2000-05-31T00:00:00,2583000,Monthly,PORTUGALTOUARR,2015-08-21T14:52:00
Portugal,Tourist Arrivals,2000-06-30T00:00:00,2634000,Monthly,PORTUGALTOUARR,2015-08-21T14:52:00
Portugal,Tourist Arrivals,2000-07-31T00:00:00,2990000,Monthly,PORTUGALTOUARR,2015-08-21T14:52:00
Portugal,Tourist Arrivals,2000-08-31T00:00:00,3190000,Monthly,PORTUGALTOUARR,2015-08-21T14:52:00
Portugal,Tourist Arrivals,2000-09-30T00:00:00,2851000,Monthly,PORTUGALTOUARR,2015-08-21T14:52:00
Portugal,Tourist Arrivals,2000-10-31T00:00:00,2443000,Monthly,PORTUGALTOUARR,2015-08-21T14:52:00
Portugal,Tourist Arrivals,2000-11-30T00:00:00,1461000,Monthly,PORTUGALTOUARR,2015-08-21T14:52:00
Portugal,Tourist Arrivals,2000-12-31T00:00:00,1066000,Monthly,PORTUGALTOUARR,2015-08-21T14:52:00
Portugal,Tourist Arrivals,2001-01-31T00:00:00,1162000,Monthly,PORTUGALTOUARR,2015-08-21T14:52:00
Portugal,Tourist Arrivals,2001-02-28T00:00:00,1468000,Monthly,PORTUGALTOUARR,2015-08-21T14:52:00
Portugal,Tourist Arrivals,2001-03-31T00:00:00,1971000,Monthly,PORTUGALTOUARR,2015-08-21T14:52:00
Portugal,Tourist Arrivals,2001-04-30T00:00:00,2205000,Monthly,PORTUGALTOUARR,2015-08-21T14:52:00
Portugal,Tourist Arrivals,2001-05-31T00:00:00,2450000,Monthly,PORTUGALTOUARR,2015-08-21T14:52:00
Portugal,Tourist Arrivals,2001-06-30T00:00:00,2590000,Monthly,PORTUGALTOUARR,2015-08-21T14:52:00
Portugal,Tourist Arrivals,2001-07-31T00:00:00,2883000,Monthly,PORTUGALTOUARR,2015-08-21T14:52:00
Portugal,Tourist Arrivals,2001-08-31T00:00:00,3126000,Monthly,PORTUGALTOUARR,2015-08-21T14:52:00
Portugal,Tourist Arrivals,2001-09-30T00:00:00,2793000,Monthly,PORTUGALTOUARR,2015-08-21T14:52:00
Portugal,Tourist Arrivals,2001-10-31T00:00:00,2327000,Monthly,PORTUGALTOUARR,2015-08-21T14:52:00
Portugal,Tourist Arrivals,2001-11-30T00:00:00,1389000,Monthly,PORTUGALTOUARR,2015-08-21T14:52:00
Portugal,Tourist Arrivals,2001-12-31T00:00:00,1020000,Monthly,PORTUGALTOUARR,2015-08-21T14:52:00
Portugal,Tourist Arrivals,2002-01-31T00:00:00,1003000,Monthly,PORTUGALTOUARR,2015-08-21T14:52:00
Portugal,Tourist Arrivals,2002-02-28T00:00:00,1301000,Monthly,PORTUGALTOUARR,2015-08-21T14:52:00
Portugal,Tourist Arrivals,2002-03-31T00:00:00,1924000,Monthly,PORTUGALTOUARR,2015-08-21T14:52:00
Portugal,Tourist Arrivals,2002-04-30T00:00:00,1845000,Monthly,PORTUGALTOUARR,2015-08-21T14:52:00
Portugal,Tourist Arrivals,2002-05-31T00:00:00,2290000,Monthly,PORTUGALTOUARR,2015-08-21T14:52:00
Portugal,Tourist Arrivals,2002-06-30T00:00:00,2423000,Monthly,PORTUGALTOUARR,2015-08-21T14:52:00
Portugal,Tourist Arrivals,2002-07-31T00:00:00,2710000,Monthly,PORTUGALTOUARR,2015-08-21T14:52:00
Portugal,Tourist Arrivals,2002-08-31T00:00:00,3076000,Monthly,PORTUGALTOUARR,2015-08-21T14:52:00
Portugal,Tourist Arrivals,2002-09-30T00:00:00,2696000,Monthly,PORTUGALTOUARR,2015-08-21T14:52:00
Portugal,Tourist Arrivals,2002-10-31T00:00:00,2139000,Monthly,PORTUGALTOUARR,2015-08-21T14:52:00
Portugal,Tourist Arrivals,2002-11-30T00:00:00,1232000,Monthly,PORTUGALTOUARR,2015-08-21T14:52:00
Portugal,Tourist Arrivals,2002-12-31T00:00:00,923000,Monthly,PORTUGALTOUARR,2015-08-21T14:52:00
Portugal,Tourist Arrivals,2003-01-31T00:00:00,1034000,Monthly,PORTUGALTOUARR,2015-08-21T14:52:00
Portugal,Tourist Arrivals,2003-02-28T00:00:00,1312000,Monthly,PORTUGALTOUARR,2015-08-21T14:52:00
Portugal,Tourist Arrivals,2003-03-31T00:00:00,1695000,Monthly,PORTUGALTOUARR,2015-08-21T14:52:00
Portugal,Tourist Arrivals,2003-04-30T00:00:00,1998000,Monthly,PORTUGALTOUARR,2015-08-21T14:52:00
Portugal,Tourist Arrivals,2003-05-31T00:00:00,2318000,Monthly,PORTUGALTOUARR,2015-08-21T14:52:00
Portugal,Tourist Arrivals,2003-06-30T00:00:00,2418000,Monthly,PORTUGALTOUARR,2015-08-21T14:52:00
Portugal,Tourist Arrivals,2003-07-31T00:00:00,2735000,Monthly,PORTUGALTOUARR,2015-08-21T14:52:00
Portugal,Tourist Arrivals,2003-08-31T00:00:00,3021000,Monthly,PORTUGALTOUARR,2015-08-21T14:52:00
Portugal,Tourist Arrivals,2003-09-30T00:00:00,2500000,Monthly,PORTUGALTOUARR,2015-08-21T14:52:00
Portugal,Tourist Arrivals,2003-10-31T00:00:00,2074000,Monthly,PORTUGALTOUARR,2015-08-21T14:52:00
Portugal,Tourist Arrivals,2003-11-30T00:00:00,1173000,Monthly,PORTUGALTOUARR,2015-08-21T14:52:00
Portugal,Tourist Arrivals,2003-12-31T00:00:00,936000,Monthly,PORTUGALTOUARR,2015-08-21T14:52:00
Portugal,Tourist Arrivals,2004-01-31T00:00:00,1003000,Monthly,PORTUGALTOUARR,2015-08-21T14:52:00
Portugal,Tourist Arrivals,2004-02-29T00:00:00,1299000,Monthly,PORTUGALTOUARR,2015-08-21T14:52:00
Portugal,Tourist Arrivals,2004-03-31T00:00:00,1630000,Monthly,PORTUGALTOUARR,2015-08-21T14:52:00
Portugal,Tourist Arrivals,2004-04-30T00:00:00,1940000,Monthly,PORTUGALTOUARR,2015-08-21T14:52:00
Portugal,Tourist Arrivals,2004-05-31T00:00:00,2225000,Monthly,PORTUGALTOUARR,2015-08-21T14:52:00
Portugal,Tourist Arrivals,2004-06-30T00:00:00,2490000,Monthly,PORTUGALTOUARR,2015-08-21T14:52:00
Portugal,Tourist Arrivals,2004-07-31T00:00:00,2513000,Monthly,PORTUGALTOUARR,2015-08-21T14:52:00
Portugal,Tourist Arrivals,2004-08-31T00:00:00,2928000,Monthly,PORTUGALTOUARR,2015-08-21T14:52:00
Portugal,Tourist Arrivals,2004-09-30T00:00:00,2547000,Monthly,PORTUGALTOUARR,2015-08-21T14:52:00
Portugal,Tourist Arrivals,2004-10-31T00:00:00,2151000,Monthly,PORTUGALTOUARR,2015-08-21T14:52:00
Portugal,Tourist Arrivals,2004-11-30T00:00:00,1225000,Monthly,PORTUGALTOUARR,2015-08-21T14:52:00
Portugal,Tourist Arrivals,2004-12-31T00:00:00,1049000,Monthly,PORTUGALTOUARR,2015-08-21T14:52:00
Portugal,Tourist Arrivals,2005-01-31T00:00:00,1089000,Monthly,PORTUGALTOUARR,2015-08-21T14:52:00
Portugal,Tourist Arrivals,2005-02-28T00:00:00,1301000,Monthly,PORTUGALTOUARR,2015-08-21T14:52:00
Portugal,Tourist Arrivals,2005-03-31T00:00:00,1778000,Monthly,PORTUGALTOUARR,2015-08-21T14:52:00
Portugal,Tourist Arrivals,2005-04-30T00:00:00,1807000,Monthly,PORTUGALTOUARR,2015-08-21T14:52:00
Portugal,Tourist Arrivals,2005-05-31T00:00:00,2350000,Monthly,PORTUGALTOUARR,2015-08-21T14:52:00
Portugal,Tourist Arrivals,2005-06-30T00:00:00,2394000,Monthly,PORTUGALTOUARR,2015-08-21T14:52:00
Portugal,Tourist Arrivals,2005-07-31T00:00:00,2730000,Monthly,PORTUGALTOUARR,2015-08-21T14:52:00
Portugal,Tourist Arrivals,2005-08-31T00:00:00,3193000,Monthly,PORTUGALTOUARR,2015-08-21T14:52:00
Portugal,Tourist Arrivals,2005-09-30T00:00:00,2660000,Monthly,PORTUGALTOUARR,2015-08-21T14:52:00
Portugal,Tourist Arrivals,2005-10-31T00:00:00,2251000,Monthly,PORTUGALTOUARR,2015-08-21T14:52:00
Portugal,Tourist Arrivals,2005-11-30T00:00:00,1288000,Monthly,PORTUGALTOUARR,2015-08-21T14:52:00
Portugal,Tourist Arrivals,2005-12-31T00:00:00,1030000,Monthly,PORTUGALTOUARR,2015-08-21T14:52:00
Portugal,Tourist Arrivals,2006-01-31T00:00:00,1092000,Monthly,PORTUGALTOUARR,2015-08-21T14:52:00
Portugal,Tourist Arrivals,2006-02-28T00:00:00,1294000,Monthly,PORTUGALTOUARR,2015-08-21T14:52:00
Portugal,Tourist Arrivals,2006-03-31T00:00:00,1705000,Monthly,PORTUGALTOUARR,2015-08-21T14:52:00
Portugal,Tourist Arrivals,2006-04-30T00:00:00,2210000,Monthly,PORTUGALTOUARR,2015-08-21T14:52:00
Portugal,Tourist Arrivals,2006-05-31T00:00:00,2443000,Monthly,PORTUGALTOUARR,2015-08-21T14:52:00
Portugal,Tourist Arrivals,2006-06-30T00:00:00,2498000,Monthly,PORTUGALTOUARR,2015-08-21T14:52:00
Portugal,Tourist Arrivals,2006-07-31T00:00:00,2908000,Monthly,PORTUGALTOUARR,2015-08-21T14:52:00
Portugal,Tourist Arrivals,2006-08-31T00:00:00,3378000,Monthly,PORTUGALTOUARR,2015-08-21T14:52:00
Portugal,Tourist Arrivals,2006-09-30T00:00:00,2825000,Monthly,PORTUGALTOUARR,2015-08-21T14:52:00
Portugal,Tourist Arrivals,2006-10-31T00:00:00,2344000,Monthly,PORTUGALTOUARR,2015-08-21T14:52:00
Portugal,Tourist Arrivals,2006-11-30T00:00:00,1369000,Monthly,PORTUGALTOUARR,2015-08-21T14:52:00
Portugal,Tourist Arrivals,2006-12-31T00:00:00,1151000,Monthly,PORTUGALTOUARR,2015-08-21T14:52:00
Portugal,Tourist Arrivals,2007-01-31T00:00:00,1162000,Monthly,PORTUGALTOUARR,2015-08-21T14:52:00
Portugal,Tourist Arrivals,2007-02-28T00:00:00,1325000,Monthly,PORTUGALTOUARR,2015-08-21T14:52:00
Portugal,Tourist Arrivals,2007-03-31T00:00:00,1842000,Monthly,PORTUGALTOUARR,2015-08-21T14:52:00
Portugal,Tourist Arrivals,2007-04-30T00:00:00,2322000,Monthly,PORTUGALTOUARR,2015-08-21T14:52:00
Portugal,Tourist Arrivals,2007-05-31T00:00:00,2607000,Monthly,PORTUGALTOUARR,2015-08-21T14:52:00
Portugal,Tourist Arrivals,2007-06-30T00:00:00,2642000,Monthly,PORTUGALTOUARR,2015-08-21T14:52:00
Portugal,Tourist Arrivals,2007-07-31T00:00:00,3168000,Monthly,PORTUGALTOUARR,2015-08-21T14:52:00
Portugal,Tourist Arrivals,2007-08-31T00:00:00,3573000,Monthly,PORTUGALTOUARR,2015-08-21T14:52:00
Portugal,Tourist Arrivals,2007-09-30T00:00:00,3014000,Monthly,PORTUGALTOUARR,2015-08-21T14:52:00
Portugal,Tourist Arrivals,2007-10-31T00:00:00,2447000,Monthly,PORTUGALTOUARR,2015-08-21T14:52:00
Portugal,Tourist Arrivals,2007-11-30T00:00:00,1492000,Monthly,PORTUGALTOUARR,2015-08-21T14:52:00
Portugal,Tourist Arrivals,2007-12-31T00:00:00,1175000,Monthly,PORTUGALTOUARR,2015-08-21T14:52:00
Portugal,Tourist Arrivals,2008-01-31T00:00:00,1175564,Monthly,PORTUGALTOUARR,2015-08-21T14:52:00
Portugal,Tourist Arrivals,2008-02-29T00:00:00,1481250,Monthly,PORTUGALTOUARR,2015-08-21T14:52:00
Portugal,Tourist Arrivals,2008-03-31T00:00:00,2067905,Monthly,PORTUGALTOUARR,2015-08-21T14:52:00
Portugal,Tourist Arrivals,2008-04-30T00:00:00,2123621,Monthly,PORTUGALTOUARR,2015-08-21T14:52:00
Portugal,Tourist Arrivals,2008-05-31T00:00:00,2697559,Monthly,PORTUGALTOUARR,2015-08-21T14:52:00
Portugal,Tourist Arrivals,2008-06-30T00:00:00,2592482,Monthly,PORTUGALTOUARR,2015-08-21T14:52:00
Portugal,Tourist Arrivals,2008-07-31T00:00:00,3106129,Monthly,PORTUGALTOUARR,2015-08-21T14:52:00
Portugal,Tourist Arrivals,2008-08-31T00:00:00,3395753,Monthly,PORTUGALTOUARR,2015-08-21T14:52:00
Portugal,Tourist Arrivals,2008-09-30T00:00:00,2918675,Monthly,PORTUGALTOUARR,2015-08-21T14:52:00
Portugal,Tourist Arrivals,2008-10-31T00:00:00,2353019,Monthly,PORTUGALTOUARR,2015-08-21T14:52:00
Portugal,Tourist Arrivals,2008-11-30T00:00:00,1288930,Monthly,PORTUGALTOUARR,2015-08-21T14:52:00
Portugal,Tourist Arrivals,2008-12-31T00:00:00,1003358,Monthly,PORTUGALTOUARR,2015-08-21T14:52:00
Portugal,Tourist Arrivals,2009-01-31T00:00:00,1002412,Monthly,PORTUGALTOUARR,2015-08-21T14:52:00
Portugal,Tourist Arrivals,2009-02-28T00:00:00,1183925,Monthly,PORTUGALTOUARR,2015-08-21T14:52:00
Portugal,Tourist Arrivals,2009-03-31T00:00:00,1585033,Monthly,PORTUGALTOUARR,2015-08-21T14:52:00
Portugal,Tourist Arrivals,2009-04-30T00:00:00,2079729,Monthly,PORTUGALTOUARR,2015-08-21T14:52:00
Portugal,Tourist Arrivals,2009-05-31T00:00:00,2259081,Monthly,PORTUGALTOUARR,2015-08-21T14:52:00
Portugal,Tourist Arrivals,2009-06-30T00:00:00,2294501,Monthly,PORTUGALTOUARR,2015-08-21T14:52:00
Portugal,Tourist Arrivals,2009-07-31T00:00:00,2742690,Monthly,PORTUGALTOUARR,2015-08-21T14:52:00
Portugal,Tourist Arrivals,2009-08-31T00:00:00,3069573,Monthly,PORTUGALTOUARR,2015-08-21T14:52:00
Portugal,Tourist Arrivals,2009-09-30T00:00:00,2672900,Monthly,PORTUGALTOUARR,2015-08-21T14:52:00
Portugal,Tourist Arrivals,2009-10-31T00:00:00,2154031,Monthly,PORTUGALTOUARR,2015-08-21T14:52:00
Portugal,Tourist Arrivals,2009-11-30T00:00:00,1206249,Monthly,PORTUGALTOUARR,2015-08-21T14:52:00
Portugal,Tourist Arrivals,2009-12-31T00:00:00,964253,Monthly,PORTUGALTOUARR,2015-08-21T14:52:00
Portugal,Tourist Arrivals,2010-01-31T00:00:00,939320,Monthly,PORTUGALTOUARR,2015-08-21T14:52:00
Portugal,Tourist Arrivals,2010-02-28T00:00:00,1163234,Monthly,PORTUGALTOUARR,2015-08-21T14:52:00
Portugal,Tourist Arrivals,2010-03-31T00:00:00,1597141,Monthly,PORTUGALTOUARR,2015-08-21T14:52:00
Portugal,Tourist Arrivals,2010-04-30T00:00:00,1837604,Monthly,PORTUGALTOUARR,2015-08-21T14:52:00
Portugal,Tourist Arrivals,2010-05-31T00:00:00,2210491,Monthly,PORTUGALTOUARR,2015-08-21T14:52:00
Portugal,Tourist Arrivals,2010-06-30T00:00:00,2253771,Monthly,PORTUGALTOUARR,2015-08-21T14:52:00
Portugal,Tourist Arrivals,2010-07-31T00:00:00,2911250,Monthly,PORTUGALTOUARR,2015-08-21T14:52:00
Portugal,Tourist Arrivals,2010-08-31T00:00:00,3301422,Monthly,PORTUGALTOUARR,2015-08-21T14:52:00
Portugal,Tourist Arrivals,2010-09-30T00:00:00,2830454,Monthly,PORTUGALTOUARR,2015-08-21T14:52:00
Portugal,Tourist Arrivals,2010-10-31T00:00:00,2373349,Monthly,PORTUGALTOUARR,2015-08-21T14:52:00
Portugal,Tourist Arrivals,2010-11-30T00:00:00,1206419,Monthly,PORTUGALTOUARR,2015-08-21T14:52:00
Portugal,Tourist Arrivals,2010-12-31T00:00:00,983752,Monthly,PORTUGALTOUARR,2015-08-21T14:52:00
Portugal,Tourist Arrivals,2011-01-31T00:00:00,944031,Monthly,PORTUGALTOUARR,2015-08-21T14:52:00
Portugal,Tourist Arrivals,2011-02-28T00:00:00,1151332,Monthly,PORTUGALTOUARR,2015-08-21T14:52:00
Portugal,Tourist Arrivals,2011-03-31T00:00:00,1672296,Monthly,PORTUGALTOUARR,2015-08-21T14:52:00
Portugal,Tourist Arrivals,2011-04-30T00:00:00,2297670,Monthly,PORTUGALTOUARR,2015-08-21T14:52:00
Portugal,Tourist Arrivals,2011-05-31T00:00:00,2569145,Monthly,PORTUGALTOUARR,2015-08-21T14:52:00
Portugal,Tourist Arrivals,2011-06-30T00:00:00,2645565,Monthly,PORTUGALTOUARR,2015-08-21T14:52:00
Portugal,Tourist Arrivals,2011-07-31T00:00:00,3315553,Monthly,PORTUGALTOUARR,2015-08-21T14:52:00
Portugal,Tourist Arrivals,2011-08-31T00:00:00,3658597,Monthly,PORTUGALTOUARR,2015-08-21T14:52:00
Portugal,Tourist Arrivals,2011-09-30T00:00:00,3078947,Monthly,PORTUGALTOUARR,2015-08-21T14:52:00
Portugal,Tourist Arrivals,2011-10-31T00:00:00,2514333,Monthly,PORTUGALTOUARR,2015-08-21T14:52:00
Portugal,Tourist Arrivals,2011-11-30T00:00:00,1214638,Monthly,PORTUGALTOUARR,2015-08-21T14:52:00
Portugal,Tourist Arrivals,2011-12-31T00:00:00,941653,Monthly,PORTUGALTOUARR,2015-08-21T14:52:00
Portugal,Tourist Arrivals,2012-01-31T00:00:00,1001561,Monthly,PORTUGALTOUARR,2015-08-21T14:52:00
Portugal,Tourist Arrivals,2012-02-29T00:00:00,1232518,Monthly,PORTUGALTOUARR,2015-08-21T14:52:00
Portugal,Tourist Arrivals,2012-03-31T00:00:00,1673721,Monthly,PORTUGALTOUARR,2015-08-21T14:52:00
Portugal,Tourist Arrivals,2012-04-30T00:00:00,2321764,Monthly,PORTUGALTOUARR,2015-08-21T14:52:00
Portugal,Tourist Arrivals,2012-05-31T00:00:00,2653748,Monthly,PORTUGALTOUARR,2015-08-21T14:52:00
Portugal,Tourist Arrivals,2012-06-30T00:00:00,2818150,Monthly,PORTUGALTOUARR,2015-08-21T14:52:00
Portugal,Tourist Arrivals,2012-07-31T00:00:00,3515161,Monthly,PORTUGALTOUARR,2015-08-21T14:52:00
Portugal,Tourist Arrivals,2012-08-31T00:00:00,3781935,Monthly,PORTUGALTOUARR,2015-08-21T14:52:00
Portugal,Tourist Arrivals,2012-09-30T00:00:00,3231876,Monthly,PORTUGALTOUARR,2015-08-21T14:52:00
Portugal,Tourist Arrivals,2012-10-31T00:00:00,2663561,Monthly,PORTUGALTOUARR,2015-08-21T14:52:00
Portugal,Tourist Arrivals,2012-11-30T00:00:00,1364027,Monthly,PORTUGALTOUARR,2015-08-21T14:52:00
Portugal,Tourist Arrivals,2012-12-31T00:00:00,998558,Monthly,PORTUGALTOUARR,2015-08-21T14:52:00
Portugal,Tourist Arrivals,2013-01-31T00:00:00,1058025,Monthly,PORTUGALTOUARR,2019-06-04T12:15:00
Portugal,Tourist Arrivals,2013-02-28T00:00:00,1316631,Monthly,PORTUGALTOUARR,2019-06-04T12:15:00
Portugal,Tourist Arrivals,2013-03-31T00:00:00,1968359,Monthly,PORTUGALTOUARR,2019-06-04T12:15:00
Portugal,Tourist Arrivals,2013-04-30T00:00:00,2318608,Monthly,PORTUGALTOUARR,2019-06-04T12:15:00
Portugal,Tourist Arrivals,2013-05-31T00:00:00,3130272,Monthly,PORTUGALTOUARR,2019-06-04T12:15:00
Portugal,Tourist Arrivals,2013-06-30T00:00:00,3176152,Monthly,PORTUGALTOUARR,2019-06-04T12:15:00
Portugal,Tourist Arrivals,2013-07-31T00:00:00,3885162,Monthly,PORTUGALTOUARR,2019-06-04T12:15:00
Portugal,Tourist Arrivals,2013-08-31T00:00:00,4282538,Monthly,PORTUGALTOUARR,2019-06-04T12:15:00
Portugal,Tourist Arrivals,2013-09-30T00:00:00,3609461,Monthly,PORTUGALTOUARR,2019-06-04T12:15:00
Portugal,Tourist Arrivals,2013-10-31T00:00:00,2973992,Monthly,PORTUGALTOUARR,2019-06-04T12:15:00
Portugal,Tourist Arrivals,2013-11-30T00:00:00,1482641,Monthly,PORTUGALTOUARR,2019-06-04T12:15:00
Portugal,Tourist Arrivals,2013-12-31T00:00:00,1153972,Monthly,PORTUGALTOUARR,2019-06-04T12:15:00
Portugal,Tourist Arrivals,2014-01-31T00:00:00,1190293,Monthly,PORTUGALTOUARR,2019-06-04T12:15:00
Portugal,Tourist Arrivals,2014-02-28T00:00:00,1438986,Monthly,PORTUGALTOUARR,2019-06-04T12:15:00
Portugal,Tourist Arrivals,2014-03-31T00:00:00,2010511,Monthly,PORTUGALTOUARR,2019-06-04T12:15:00
Portugal,Tourist Arrivals,2014-04-30T00:00:00,2903480,Monthly,PORTUGALTOUARR,2019-06-04T12:15:00
Portugal,Tourist Arrivals,2014-05-31T00:00:00,3444937,Monthly,PORTUGALTOUARR,2019-06-04T12:15:00
Portugal,Tourist Arrivals,2014-06-30T00:00:00,3473354,Monthly,PORTUGALTOUARR,2019-06-04T12:15:00
Portugal,Tourist Arrivals,2014-07-31T00:00:00,4177938,Monthly,PORTUGALTOUARR,2019-06-04T12:15:00
Portugal,Tourist Arrivals,2014-08-31T00:00:00,4707862,Monthly,PORTUGALTOUARR,2019-06-04T12:15:00
Portugal,Tourist Arrivals,2014-09-30T00:00:00,3974479,Monthly,PORTUGALTOUARR,2019-06-04T12:15:00
Portugal,Tourist Arrivals,2014-10-31T00:00:00,3382366,Monthly,PORTUGALTOUARR,2019-06-04T12:15:00
Portugal,Tourist Arrivals,2014-11-30T00:00:00,1705081,Monthly,PORTUGALTOUARR,2019-06-04T12:15:00
Portugal,Tourist Arrivals,2014-12-31T00:00:00,1325042,Monthly,PORTUGALTOUARR,2019-06-04T12:15:00
Portugal,Tourist Arrivals,2015-01-31T00:00:00,1385302,Monthly,PORTUGALTOUARR,2019-06-04T12:15:00
Portugal,Tourist Arrivals,2015-02-28T00:00:00,1616376,Monthly,PORTUGALTOUARR,2019-06-04T12:15:00
Portugal,Tourist Arrivals,2015-03-31T00:00:00,2263594,Monthly,PORTUGALTOUARR,2019-06-04T12:15:00
Portugal,Tourist Arrivals,2015-04-30T00:00:00,3056244,Monthly,PORTUGALTOUARR,2019-06-04T12:15:00
Portugal,Tourist Arrivals,2015-05-31T00:00:00,3742844,Monthly,PORTUGALTOUARR,2019-06-04T12:15:00
Portugal,Tourist Arrivals,2015-06-30T00:00:00,3849390,Monthly,PORTUGALTOUARR,2019-06-04T12:15:00
Portugal,Tourist Arrivals,2015-07-31T00:00:00,4553829,Monthly,PORTUGALTOUARR,2019-06-04T12:15:00
Portugal,Tourist Arrivals,2015-08-31T00:00:00,4998650,Monthly,PORTUGALTOUARR,2019-06-04T12:15:00
Portugal,Tourist Arrivals,2015-09-30T00:00:00,4317412,Monthly,PORTUGALTOUARR,2019-06-04T12:15:00
Portugal,Tourist Arrivals,2015-10-31T00:00:00,3681927,Monthly,PORTUGALTOUARR,2019-06-04T12:15:00
Portugal,Tourist Arrivals,2015-11-30T00:00:00,1858958,Monthly,PORTUGALTOUARR,2019-06-04T12:15:00
Portugal,Tourist Arrivals,2015-12-31T00:00:00,1481417,Monthly,PORTUGALTOUARR,2019-06-04T12:15:00
Portugal,Tourist Arrivals,2016-01-31T00:00:00,1517538,Monthly,PORTUGALTOUARR,2019-06-04T12:15:00
Portugal,Tourist Arrivals,2016-02-29T00:00:00,1898189,Monthly,PORTUGALTOUARR,2019-06-04T12:15:00
Portugal,Tourist Arrivals,2016-03-31T00:00:00,2791009,Monthly,PORTUGALTOUARR,2019-06-04T12:15:00
Portugal,Tourist Arrivals,2016-04-30T00:00:00,3253333,Monthly,PORTUGALTOUARR,2019-06-04T12:15:00
Portugal,Tourist Arrivals,2016-05-31T00:00:00,4196669,Monthly,PORTUGALTOUARR,2019-06-04T12:15:00
Portugal,Tourist Arrivals,2016-06-30T00:00:00,4319507,Monthly,PORTUGALTOUARR,2019-06-04T12:15:00
Portugal,Tourist Arrivals,2016-07-31T00:00:00,5084893,Monthly,PORTUGALTOUARR,2019-06-04T12:15:00
Portugal,Tourist Arrivals,2016-08-31T00:00:00,5531035,Monthly,PORTUGALTOUARR,2019-06-04T12:15:00
Portugal,Tourist Arrivals,2016-09-30T00:00:00,4757008,Monthly,PORTUGALTOUARR,2019-06-04T12:15:00
Portugal,Tourist Arrivals,2016-10-31T00:00:00,4235033,Monthly,PORTUGALTOUARR,2019-06-04T12:15:00
Portugal,Tourist Arrivals,2016-11-30T00:00:00,2252529,Monthly,PORTUGALTOUARR,2019-06-04T12:15:00
Portugal,Tourist Arrivals,2016-12-31T00:00:00,1723793,Monthly,PORTUGALTOUARR,2019-06-04T12:15:00
Portugal,Tourist Arrivals,2017-01-31T00:00:00,1832604,Monthly,PORTUGALTOUARR,2019-06-04T12:15:00
Portugal,Tourist Arrivals,2017-02-28T00:00:00,2127545,Monthly,PORTUGALTOUARR,2019-06-04T12:15:00
Portugal,Tourist Arrivals,2017-03-31T00:00:00,2931228,Monthly,PORTUGALTOUARR,2019-06-04T12:15:00
Portugal,Tourist Arrivals,2017-04-30T00:00:00,4131783,Monthly,PORTUGALTOUARR,2019-06-04T12:15:00
Portugal,Tourist Arrivals,2017-05-31T00:00:00,4633335,Monthly,PORTUGALTOUARR,2019-06-04T12:15:00
Portugal,Tourist Arrivals,2017-06-30T00:00:00,4897189,Monthly,PORTUGALTOUARR,2019-06-04T12:15:00
Portugal,Tourist Arrivals,2017-07-31T00:00:00,5506062,Monthly,PORTUGALTOUARR,2019-06-04T12:15:00
Portugal,Tourist Arrivals,2017-08-31T00:00:00,5972372,Monthly,PORTUGALTOUARR,2019-06-04T12:15:00
Portugal,Tourist Arrivals,2017-09-30T00:00:00,5255794,Monthly,PORTUGALTOUARR,2019-06-04T12:15:00
Portugal,Tourist Arrivals,2017-10-31T00:00:00,4673847,Monthly,PORTUGALTOUARR,2019-06-04T12:15:00
Portugal,Tourist Arrivals,2017-11-30T00:00:00,2528409,Monthly,PORTUGALTOUARR,2019-06-04T12:15:00
Portugal,Tourist Arrivals,2017-12-31T00:00:00,1926682,Monthly,PORTUGALTOUARR,2019-06-04T12:15:00
Portugal,Tourist Arrivals,2018-01-31T00:00:00,1951157,Monthly,PORTUGALTOUARR,2019-08-19T10:37:00
Portugal,Tourist Arrivals,2018-02-28T00:00:00,2282829,Monthly,PORTUGALTOUARR,2019-08-19T10:37:00
Portugal,Tourist Arrivals,2018-03-31T00:00:00,3286719,Monthly,PORTUGALTOUARR,2019-08-19T10:37:00
Portugal,Tourist Arrivals,2018-04-30T00:00:00,3937840,Monthly,PORTUGALTOUARR,2019-08-19T10:37:00
Portugal,Tourist Arrivals,2018-05-31T00:00:00,4815300,Monthly,PORTUGALTOUARR,2019-08-19T10:37:00
Portugal,Tourist Arrivals,2018-06-30T00:00:00,4828906,Monthly,PORTUGALTOUARR,2019-08-19T10:37:00
Portugal,Tourist Arrivals,2018-07-31T00:00:00,5546530,Monthly,PORTUGALTOUARR,2019-08-19T10:37:00
Portugal,Tourist Arrivals,2018-08-31T00:00:00,5997806,Monthly,PORTUGALTOUARR,2019-08-19T10:37:00
Portugal,Tourist Arrivals,2018-09-30T00:00:00,5227118,Monthly,PORTUGALTOUARR,2019-08-19T10:37:00
Portugal,Tourist Arrivals,2018-10-31T00:00:00,4687054,Monthly,PORTUGALTOUARR,2019-08-19T10:37:00
Portugal,Tourist Arrivals,2018-11-30T00:00:00,2650761,Monthly,PORTUGALTOUARR,2019-08-19T10:37:00
Portugal,Tourist Arrivals,2018-12-31T00:00:00,2037405,Monthly,PORTUGALTOUARR,2019-08-19T10:37:00
Portugal,Tourist Arrivals,2019-01-31T00:00:00,2068387,Monthly,PORTUGALTOUARR,2020-08-19T14:25:00
Portugal,Tourist Arrivals,2019-02-28T00:00:00,2327520,Monthly,PORTUGALTOUARR,2020-08-19T14:25:00
Portugal,Tourist Arrivals,2019-03-31T00:00:00,3250374,Monthly,PORTUGALTOUARR,2020-08-19T14:25:00
Portugal,Tourist Arrivals,2019-04-30T00:00:00,4298427,Monthly,PORTUGALTOUARR,2020-08-19T14:25:00
Portugal,Tourist Arrivals,2019-05-31T00:00:00,4934930,Monthly,PORTUGALTOUARR,2020-08-19T14:25:00
Portugal,Tourist Arrivals,2019-06-30T00:00:00,5014907,Monthly,PORTUGALTOUARR,2020-08-19T14:25:00
Portugal,Tourist Arrivals,2019-07-31T00:00:00,5721198,Monthly,PORTUGALTOUARR,2020-08-19T14:25:00
Portugal,Tourist Arrivals,2019-08-31T00:00:00,6195912,Monthly,PORTUGALTOUARR,2020-08-19T14:25:00
Portugal,Tourist Arrivals,2019-09-30T00:00:00,5404094,Monthly,PORTUGALTOUARR,2020-08-19T14:25:00
Portugal,Tourist Arrivals,2019-10-31T00:00:00,4837100,Monthly,PORTUGALTOUARR,2020-08-19T14:25:00
Portugal,Tourist Arrivals,2019-11-30T00:00:00,2760367,Monthly,PORTUGALTOUARR,2020-08-19T14:25:00
Portugal,Tourist Arrivals,2019-12-31T00:00:00,2238616,Monthly,PORTUGALTOUARR,2020-08-19T14:25:00
Portugal,Tourist Arrivals,2020-01-31T00:00:00,2177501,Monthly,PORTUGALTOUARR,2020-08-03T10:20:00
Portugal,Tourist Arrivals,2020-02-29T00:00:00,2531107,Monthly,PORTUGALTOUARR,2020-08-03T10:20:00
Portugal,Tourist Arrivals,2020-03-31T00:00:00,1333645,Monthly,PORTUGALTOUARR,2020-08-03T10:20:00
Portugal,Tourist Arrivals,2020-04-30T00:00:00,46732,Monthly,PORTUGALTOUARR,2020-08-03T10:20:00
Portugal,Tourist Arrivals,2020-05-31T00:00:00,59199,Monthly,PORTUGALTOUARR,2020-08-19T14:25:00
Portugal,Tourist Arrivals,2020-06-30T00:00:00,190227,Monthly,PORTUGALTOUARR,2020-08-19T14:25:00
Portugal,Tourist Arrivals,2020-07-31T00:00:00,889198,Monthly,PORTUGALTOUARR,2020-09-19T10:20:00
Portugal,Tourist Arrivals,2020-08-31T00:00:00,1732788,Monthly,PORTUGALTOUARR,2020-10-17T10:21:00
Portugal,Tourist Arrivals,2020-09-30T00:00:00,1519308,Monthly,PORTUGALTOUARR,2020-11-21T10:15:00
Portugal,Tourist Arrivals,2020-10-31T00:00:00,1139560,Monthly,PORTUGALTOUARR,2020-12-19T10:19:00
Portugal,Tourist Arrivals,2020-11-30T00:00:00,400509,Monthly,PORTUGALTOUARR,2021-01-16T10:22:00
Portugal,Tourist Arrivals,2020-12-31T00:00:00,383989,Monthly,PORTUGALTOUARR,2021-02-20T10:15:00
Portugal,Tourist Arrivals,2021-01-31T00:00:00,282884,Monthly,PORTUGALTOUARR,2021-03-20T10:15:00
Portugal,Tourist Arrivals,2021-02-28T00:00:00,142953,Monthly,PORTUGALTOUARR,2021-04-17T10:14:00
Portugal,Tourist Arrivals,2021-03-31T00:00:00,184036,Monthly,PORTUGALTOUARR,2021-05-15T10:18:00
Portugal,Tourist Arrivals,2021-04-30T00:00:00,273420,Monthly,PORTUGALTOUARR,2021-08-26T21:52:00
Portugal,Tourist Arrivals,2021-05-31T00:00:00,805335,Monthly,PORTUGALTOUARR,2021-08-26T21:52:00
Portugal,Tourist Arrivals,2021-06-30T00:00:00,1404310,Monthly,PORTUGALTOUARR,2021-08-21T10:12:00
Portugal,Tourist Arrivals,2021-07-31T00:00:00,1854442,Monthly,PORTUGALTOUARR,2021-09-18T10:12:00
Portugal,Tourist Arrivals,2021-08-31T00:00:00,3288095,Monthly,PORTUGALTOUARR,2021-10-16T10:12:00
Portugal,Tourist Arrivals,2021-09-30T00:00:00,3032666,Monthly,PORTUGALTOUARR,2021-11-20T10:11:00
Portugal,Tourist Arrivals,2021-10-31T00:00:00,3546898,Monthly,PORTUGALTOUARR,2021-12-18T10:13:00
Portugal,Tourist Arrivals,2021-11-30T00:00:00,2300806,Monthly,PORTUGALTOUARR,2022-01-15T10:12:00
Portugal,Tourist Arrivals,2021-12-31T00:00:00,1456404,Monthly,PORTUGALTOUARR,2022-02-19T10:18:00
Portugal,Tourist Arrivals,2022-01-31T00:00:00,1137711,Monthly,PORTUGALTOUARR,2022-03-19T10:12:00
Portugal,Tourist Arrivals,2022-02-28T00:00:00,1781862,Monthly,PORTUGALTOUARR,2022-04-16T10:12:00
Portugal,Tourist Arrivals,2022-03-31T00:00:00,2715343,Monthly,PORTUGALTOUARR,2022-05-14T10:12:00
Portugal,Tourist Arrivals,2022-04-30T00:00:00,4110029,Monthly,PORTUGALTOUARR,2022-06-18T10:13:00
